username,rating,time,votes,comment
利贺田电影院,5,2023-11-05 04:39:44,3851,"巨人最终章证明了自己是坚定不移的反战动画
只是带有极强的悲观情绪，并不是之前网上说的“反战败”。最终章片尾，幸存的艾尔迪亚人在叶卡派的带领下变得狂热，成为了崇尚武力崇尚战斗的国家。
阿尔敏等人抱着必死的决心去外交，去阻止他们向外扩张。这里已经很能代表作者的立场了 ，他不信任人性，认为战争不会终结，但以主角团之口表达了绝不支持战争的决心。
结果他们肯定是失败了，片尾ed展现了这个世界的结局，科技不断发展，城市步入现代，步入赛博朋克般的世界，但争斗始终没有停歇。埋葬着艾伦的树见证一切，直到核弹将世界夷为平地，将世界还给自然，牵着狗的少年在废土找到了树洞，开始了新的循环"
Fleurs.哼哼,4,2023-11-05 01:45:12,2074,"巧了不是，13年。
那时的《三体》只是刚刚出圈的小众佳作，什么“降维打击”“思想钢印”的说法刚刚萌芽；《复仇者联盟》也刚刚有了雏形，还没有动不动就什么“宇宙”的说辞；周杰伦终于在连续十二年发了12张专辑后用一张所谓的《新作》若有若无的回归到了人的音乐世界。那年的动漫圈，依稀记得只有一部霸番。
那年，我还在上学，虽然百无聊赖但觉得未来还算不错，只要稍微努力，感觉一切都可以的。
那年的英语视听课，那位感觉故事很多但又寡言的女老师刚上课就放了一首《十年》，点了一圈同学，最后问到坐在角落里自娱自乐的我什么感受？
我承认，我忘了具体的回答，因为我没什么感受。
但十年后，我知道，我有了看番还是番的感受。
但大部分，都变了。
一个时代真的落幕了。"
Doublebitch,5,2023-11-05 09:09:35,2878,这么多年过去了，你还在跟风觉得烂尾吗？
宇宙无敌库里哥,5,2023-11-05 01:04:56,2203,从第三季part2完结后“只要结局平稳落地就能超越钢炼”的无数人吹捧，到21年4月漫画完结的全网谩骂，再到现在动画完结的重回神坛。会发生这样的逆转，是因为巨人的结局改变了吗?答案是否定的。事实证明，神作是需要沉淀的，就像曾经因最后两话的抽象和经费不足而被人诟病烂尾的Eva，如今却成为能代表一个时代的神作一样。随着时间的流逝，越来越多的内容被剖解、被分析，人们对巨人的评价只会越来越高。在世界范围内，巨人的影响力和评分都是现象级的。在岁月的洗礼下，巨人将会成为能够代表一个时代的神作。
sixteenTime,5,2023-11-05 14:40:25,1978,"2024.9.30 就是烂尾了，向新自由主义妥协的玩意儿//
是谁说烂尾的😭😭，这个结局也太好了吧，用爱情“停止”战争的设定也太好了，推翻了那些关于生命、世界、人民、灾难的庞大叙述，这些庞大的叙述往往以“大爱”为噱头而贬低、蔑视那些私人化的“小爱”，但是这种庞大叙述中却无处不充斥着各种荒诞、滑稽、脆弱和虚伪，反而这种极其私人化的个人爱情却是最真实的。这种对立就和形而上的“真理”和形而下“生活”的对立一样，这也是阿尔敏在后面所展示的。太好了，似乎有太多“为什么太好”可以说，但最后强调的一点，也是对现实中的我们所表达的：请不要遗忘过去。"
hanavi,4,2023-11-05 05:57:11,1840,如果是十年前的我大概也觉得烂尾，不过现在刚好到了不再相信世界存在“自由”的年纪，这个结局反而是令人感动的落幕，甚至还附赠了些许与虚无主义挣扎的慰藉。始祖的动机实在可笑，除此之外作为完结篇的动画还是有着与前面篇章相称的肃穆与恢宏。
愚蠢人类再教育,5,2023-11-05 11:49:43,1932,最好的反战作品难道不就应该是以战争结尾来讽刺战争和愚蠢的人类吗，片花点睛。认为艾伦应该英勇退场以及世界和平收尾的才是蠢蛋🤣从来不看漫画，一直追的动漫，没觉得烂尾
大海里的针,4,2023-11-05 12:33:55,1580,“因为让一个随处可见的蠢蛋得到力量，所以才只能迎接这样子的结局。”挺合理的，哪有什么热血中二少年拯救全世界，只有二次元梗小鬼化身图图魔怔人。谏山创给不出世界和平的终极答案，但他可以给出热血少年漫的真实答案。
三步人间,5,2023-11-05 10:26:15,1585,巨人是一面镜子，你看他是什么样子，你就是什么样子
刘蓝山,4,2023-11-05 02:14:15,1344,希望是那只狗成了巨人
加賀見葵,5,2023-11-06 07:21:32,1567,你以为这是烂尾……？不，这就是真实世界会发生的剧情。我们都可能是那个蠢蛋。
阿拉丁神登,5,2023-11-06 04:55:05,1336,“你可以随意地评价进巨的结局，因为你是自由的。”
拉撒路,5,2023-11-06 08:17:05,1113,那一天的风非常暖和，光是跑着就觉得很舒服，看着漫天飞舞的枯叶，那时我不知为何突然觉得……我说不定是为了在这里跟他们一起赛跑，才出生在这个世界上的。
Μίλητος_,4,2023-11-05 05:37:18,786,一代神作终结有尽头 虽然不完美 历史无数次证明 人类从来不会从历史中吸取教训 再见 艾伦耶尔格 再见 调查兵团 再见 进击的巨人
幺妹,5,2023-11-05 01:02:56,1121,"我必须杀掉几个无辜的邻居，才能守护我爱的人。
这大概就是艾伦面临的道德困境和反差张力。"
怀柔,5,2023-11-06 00:54:04,968,"mappa编导从来对作品理解肤浅，对艾伦的挽尊真的做得很差。巨人的核心不是艾伦成为了英雄，而是成为了凡人，无论是他破防地希望三笠能记得他，还是他败在宿命之下醒悟自己是拥有了权力的白痴，都意在后文明时代我们对永恒纷争的无能为力，是世界大战后的理性主义坍塌。而不是鲁路修式的造神，艾伦从来没有做到转移仇恨达到天真的形式主义和平，相反他自己就是仇恨的化身。艾伦不需要洗白，他是我们的幽暗破坏欲，他是个梦想被玷污的小孩，当我们也越过自己世界的墙，会明白他的感受。
这满分给的是这十年，最后的最后，这不是一个最残忍的结局，所有人都和他们的昨天一一告别，又骄傲地拾起曾经自由之翼的身份，那只叼起围巾的鸟儿，是最温柔的幻觉，三笠知道，逃去小木屋的那个梦境，也是艾伦的囚笼，或许只有死亡，是她能送给艾伦最后的自由。"
小狗月亮,5,2023-11-08 21:21:19,849,谏山创，以后这种活动我们家艾伦不参加了，自从天与地之战回来孩子一直不说话，我以为是被孤立了，仔细一看是死了🥹
小刺客,5,2023-11-10 01:13:08,594,想起那个城墙破裂的下午 真的像一场漫长的梦
标签,4,2023-11-05 04:39:51,493,7/10。决定论叙事的唯一发展方向就是不断向内塌缩、成为一种难以言明的隐喻。当往昔的九大巨人纷纷出现时，这种隐喻的一部分其实被具象化了：从不消失的过去正持续地向当下施加着新的影响。尽管如此，故事中的角色仍在一种高度局限的状况下做着个人的努力——这种从悲观主义架构中生发出来的坚韧、向上的精神，才是故事能够成立、且令人着迷的根源啊。无论如何还是要道一句“完结撒花”；抬头望向窗外，竟隐隐有种“故事是虚构的真是太好了”的侥幸。
ikilledmydad,5,2023-11-05 01:10:24,407,两年了 还是希望男主灭世成功
Black.Z,5,2023-11-12 15:37:52,333,谏山创其实是悲观版的宫崎骏，谏山创对世界和人类发展命运的悲观程度，甚至比庵野秀明有过之而无不及，无论历史轮回了无数遍，人类唯一学会的经验就是从来不吸收经验。但最矛盾的却偏偏是，作为渺小个体的人类的我们，却又始终觉得这个世界依旧有着那么多的美好和意义。这种丰富的矛盾性，不就正是我们作为人本身的最核心的特性么。这个完结篇让我坚信，这就是EVA之后，站立于山尖之上的最好的反战日漫没有之一。随着时间的推移，人们对进击的巨人的思想内核会有更多的理解和剖析，然后它会逐渐登上神坛，它也值得这个荣光。毫不夸张地说，这个时代能有进击的巨人这种作品，是这个时代的荣幸。
引一叶,5,2023-11-05 06:09:26,342,和艾伦和解了，他只是个笨蛋比格而已。和调查兵团和解了，一群理想主义的笨蛋而已。爱是不想她忘记的丑态和让他解脱的利刃。互相残杀的帕岛人和荣誉马莱人终于团结在一起，听完他们的故事，希望我们都能走出仇恨的森林。
pan,5,2023-11-05 15:13:58,325,还是那句。漫画的烂尾属于一个人的任性。但动画剧组圆谎的努力惊天地泣鬼神，令观众肃然起敬。
芦哲峰,5,2023-11-05 18:41:06,244,今天是个幸运日，两件事，一是看完了神作《进击的巨人》，牛逼，圆满，五体投地。二是荣获了“多邻国”日语钻石等级（十个等级里的最高一级）的第一名，多邻国送给我的话是：“恭喜你在钻石等级中荣登榜首，你果真是天下无敌！”哈哈，我要把这句话原封不动地送给伟大的“巨人”：“恭喜你在动漫界荣登榜首，你果真是天下无敌！”
Sophie  Z,未评分,2023-11-05 08:32:12,540,致两千年后的你，致十年前的自己。
人民艺术家,5,2023-11-05 02:30:22,257,"翻译家柳鸣九在悲惨世界的扉页这样写道：

“《悲惨世界》问世以来，已有一个多世纪，它在时间之流的大海上傲然挺立，它是不同时代，不同国度的千千万万人民，不断造访的一块艺术胜地，而且将永远是人类文学中一块不朽的胜地。”

伟大的作品不是因为有人称赞它伟大，因此伟大

对一部作品最好的评价，那便是历久弥坚，仍然有无数的人前去或唾骂，或膜拜，它将永远在时间之海中挺立。

而现在

成群结队的人们前去送别《进击的巨人》，便是对它最好的肯定。


有些作品只有三天的生命，有些则是永恒。"
Alan Sleep,2,2023-11-05 23:53:31,233,反战的道理都懂哈。但不是要你以完全无法让人信服的方式讲这种道理。把读者和观众逼到怀疑自己是不是支持genocide的程度，是谏山创全责。是的，谏山创无法给出人类是否能达成和平的答案，但就算没有答案，这么草的结局就是他身为东亚男作者的局限。为什么强调东亚男？因为不是东亚男写不出Eremika这么强行的CP，也不可能用塑造最差的女主角给一切画上句点。地鸣之后的所有剧情都很cringe，是一部很独特的作品硬要套一个超级英雄集结拯救世界的范式，但根本不适配。还有你们真不觉得Mappa把人画得不好看吗？
杳杳,1,2023-11-05 11:00:50,801,我发自内心地觉得把艾伦塑造得“他只是无奈啊虽然杀了80%但他也很痛苦啦”并感谢他牺牲很恶心。对于谏山创这种强行制造极端选择只有灭世或被灭的逻辑无法苟同，用“能看到未来”来逃避探讨其他方案更是无脑省事。实际上人类矛盾国家关系就是靠着彼此妥协而存续的，本来就不是只有二极管选择。跟火影里面春秋笔法作者带头赞美鼬一样令人作呕。利用叙事角度、详略设置来诱导那些本就无脑的观众，一起赞美鼬灭族的伟大、赞美耶格尔派地鸣屠杀。不过作者只是写个虚构作品，也没所谓，但戏外真实认可艾伦的观众却实在地暴露了法西斯土壤的丑恶的存在。
东门社区毛主任,5,2023-11-23 23:10:03,164,其实谏山创给出了最现实主义的结局。在可以看见的未来，艾伦还给了朋友们属于平凡者的一生，而片花中残酷的现实预示了战争的无解，永远都会有人走向那树下的山洞，一切都会重蹈覆辙，多年以后英雄的故事不再，巨人沦为无人相信的传说，而我们只在千万瞬间存活了一秒钟，伸出的双臂只能保护身边最爱的人，这才是最真的人。
杜叶,未评分,2023-12-03 02:03:51,12,还是希望马趴别改结局，让已经发生的继续发生吧，观众要做的只是陪一个从2013到2023的漫长的梦落幕。无论如何，巨人早已经是一个足够了不起的，象征品般的好故事了。
RD,5,2023-11-05 13:00:42,209,关于结尾，不满意的人，大概率是反战的谏山创在《巨人》里批评的那一类人，谏山创对人性的光辉，有挺多描写，但这毕竟不是Jump系正义战胜邪恶那种程度的故事，所有nation实体、party都会为了利益而掀起战争，作为集体的人类就是这样的族群，理解不到这个层面，真的是白做人了，想想为什么现实生活中我们都不自由吧，照照镜子，瞅瞅银行卡，世界本身就是混沌和充满杀戮的战场，所以个体的人性才弥足珍贵。
mirrorline,5,2023-11-05 02:02:18,242,一点也没觉得烂尾。犹太人不也冲击了国会山吗？
碎玉屠龙,2,2023-11-05 15:56:53,129,"不管怎么说，这个结局确实是动漫史上浓墨重彩的一笔。（非褒义）
谏山创想要对宏大叙事来一次嘲讽，却把整个动漫变成了笑话。
漫画结局已经过去两年了，我依旧无法与这个结局和解，反倒是看到一群人在岁月史书，跟风说没有烂尾。
这个一星差评是给漫画第139话的，但因为这么多年的情怀，于是又多给一星。"
喵与刀,1,2023-11-06 20:12:11,177,调查兵团为这样的结局献出心脏，别开玩笑了~
Tsui,5,2023-11-05 01:11:07,195,谢谢你，为我披上了这条围巾。
野野野猪精,5,2023-11-07 19:15:50,146,两年多前我其实觉得《巨人》的漫画并不算烂尾，现在就更不觉得了。动画其实补全了不少细节，向往自由的艾伦走到这一步恰恰是最不自由的选择，这是艾伦从王政篇就看到的，也是谏山创从第一话就已经写死的结局，人类无休止的战争并不会给你带来爽文般的结局。《巨人》占据了我青春的十年，但它代表的并不是青春。它不是《火影》《猎人》《灌篮高手》这样的热血和遗憾，而是战争的残酷，人性的光辉和追逐自由的勇气。
心火,2,2023-11-06 15:08:44,94,看似耐人寻味的轮回，历史的重演，实则暴露出谏山创思想的幼稚，一切叙事和铺陈都坍缩到庸俗人性论这一个点上，是作者智力和笔力的萎缩导致了灾难性的结局。
护叔bao,2,2023-11-05 20:12:58,104,本质是个蠢蛋的艾伦，在获得巨人之力打着自由的口号后花了4季时长左右互搏百爪挠心后，终于进化成了更加蠢蛋的艾伦。瞧瞧他干的事儿：弑母、发动地鸣屠杀80%的人类、给好友剧透然后消除记忆，让女友杀死自己。最后说自己是“自由的奴隶”甩锅宿命论洗白。始祖尤米尔爱的动机很单薄，三笠更是爱得像个傻子，逻辑的顺拐与人物被命运吞噬的无力感背道而驰，让反战意图探讨的宏大议题仅剩骨架。片尾人类斗争的循环也救不了《巨人》。Mappa把结尾浓缩进一个半小时是对的，这个结局篇对比前两季就是不配！
空的人,3,2023-11-06 17:15:00,168,始祖奶奶深爱弗里茨王和艾伦我也不知道就是想地鸣真是根源上的烂
一片时间海,3,2023-11-06 10:31:22,114,当年看《权力的游戏》大结局时写下的感想：“这部剧集前六季是曹雪芹写的，第七季和第八季前三集是高鹗续的，最后三集的作者换成了郭敬明。”可惜的是，同为经典的《进击的巨人》也恰恰适用这条评论。
橘子须,5,2024-04-27 20:56:15,97,"终于鼓起勇气补完了，几乎全程爆哭，谏山创的答案就是不存在真正的和平。确实什么都救不了人类，不管什么时候人类都不可能吸取教训停止纷争。整体上毋庸置疑的神作。
人类文明是绝望的，所谓大义也是虚幻的，支撑人在狗屎一样的现实中不断前行的只有具体的理想，和对具体的人的爱罢了。"
all rain G,5,2023-11-05 01:17:02,189,"十年了。
看完巨人之后担心以后都看不到这么有深度，有争议的作品。
不管是文学，电影，电视剧等任何形式的文化载体。
结局宏观来看出乎意料但是情理之中，不是说达不到每个人心中的完美结局就是烂尾。因为在动漫中发生的战争现实发生的还少吗？比如中国日本，犹太人德国，巴勒斯坦和以色列……
单从作品来讲，进击的巨人可以当选人类动漫史中前三的存在，前提是你的真的看进去了。"
wanted,5,2023-11-06 01:07:50,143,巨人的结局像是虚无主义的胜利，整一个荒谬：地鸣也没能消除仇恨，冤冤相报直到进入下一个循环。但有意思的是吉克和阿尔敏的对话，一个说一切都没意义，另一个说秋日暖风、松鼠偷食的当下是我最思念…阿尔敏的当下战胜了吉克的虚无，由此也是艾伦让同伴活了下来，安度此生，只是这都是短暂的和平，最终这一切又归于荒谬。
进击的田庄洁,5,2023-11-05 01:16:58,134,"5星是表对作品整体性的喜爱和情怀。结局不配，后篇动画表现上槽点也非常多。
平板分屏直播漫画对照着看的。从对漫画改编角度，无疑是满意的。制作好极了。无数配乐都让我梦回曾经痴追巨人的岁月。
似乎用尽工夫去渲染漫画中最具争议的某部分了。作为始终对结局尤其是某部分持批判态度的老粉，说不上是好是坏。
看动画至末时印象最深处竟是希斯特利亚毫无情感色彩、麻木、机械地说着“塔塔开，塔塔开”那段。看漫画时未曾脑补成这般。再一想到“塔塔开”在漫画世界中曾被无数立场不同乃至对立的人以何其相似的激昂语调说着且在现实中又极具流传度地被粉丝、路人引以为梗，而这样一句台词，最后一次出现，我竟感受到了巨大的荒凉和疲倦。同时在那一刻，我才意识到，那个受难于命运、反抗于命运、承受于命运的女王，或才是巨人中承载最大悲剧内核的人。"
没有昵称,2,2023-11-07 12:46:04,59,"引发争议不是因为方案而是因为态度。
同样是现实&战争主题，守望者对人类本性的看法虽然悲观，但也没有停止刻画“人性的复杂”，悲观背后其实是一种对现实的认同。
谏山创却在故事最后突兀且刻意地踩碎主角的尊严（那种事情不要啊），把主角贬低成一个“随处可见的傻子”。主角不是主动决定背负灭世的罪恶，而是走投无路顺应既定的命运，自己都无法认同自己的行为， 其他角色也只能无奈接受“和平谎言”。仿佛是作者把自己的疲倦与困境投射到了主角身上。
作者给不出一个既realistic又ethical的方案化解仇恨达成和平，就让主角弃疗自毁只保身边人周全，把其余的问题遗留给后世，自然无法让任何一派立场的读者信服。因为有过“人类死光算了”的冲动就真的付诸实践，更是把以往大肆花笔墨渲染的“自由”“抗争”主题毁得一干二净。"
水煮魚之魂,5,2023-11-06 15:00:41,143,"从未觉得进巨“烂尾”。乌合对作品的理解大概就跟评价《信条》“烧脑”的二极管们一样肤浅。

巨人的内核从来不是让艾伦成为英雄，而是经历无尽抗争后成为凡人。无论是强大如魔王时还破防地希望三笠能够记得他，还是败给宿命之后醒悟自己只是拥有了权力的白痴，都意在表明后文明时代我们对永恒纷争的无能为力，是世界大战后的理想主义坍塌，而非鲁路修式的造神。

艾伦做的并非简单地转移仇恨，以达到天真的形式主义和平，相反他自己就是仇恨的化身，艾伦不需要洗白，他就是我们心底的阴暗破坏欲，是梦想被玷污的小孩，是承载了恶魔宿命却还是丢不掉最后一点私心的可怜凡人，若有一天我们也越过自己世界的高墙，你会明白他的感受。

满分给这十年，最后的最后。这一定不是最残忍的结局，所有人都与他们的昨日告别，新世界并不美丽，但已足够自由。"
米色服,2,2023-11-05 20:53:02,62,试图翻案的人再多，还是改不了这幼稚且崩坏的结局。
空之境界,5,2023-11-10 08:59:42,127,结局真的真的很好，没有烂尾，最后boss是尤弥尔，感化猩猩那个很重要，一直在道路中思考尤弥尔获取巨人之力后为什么一直还臣服于迫害自己的王，一直思考生命的意义，认为人类活下去是为了繁衍，但是他忘了、除了繁衍还是小时候相互扔球的快乐，一起嘻嘻闹闹的快乐，那种快乐很纯粹，对人类没有意义，但对自己愿意沉浸其中，而尤弥尔被三笠感动，三笠为了拯救世界砍下自己深爱的艾伦的头，最后吻别了他，这是多么沉痛的事，让尤弥尔也知道，爱原来也可以这样，获得了答案，解除了巨人之力，但是艾伦知道了哪怕踩死了8成岛外人类，科技拉到同一水平线，战争依旧不会停止，哪怕没有了巨人的威胁，这就是人性，嫉妒害怕好战
桃花源的小伙子,3,2023-11-06 09:20:53,73,苦了马趴屎上雕花。巨人整了95%的好活，死在最后的5%。这结局让之前角色的死，显得得毫无意义……
土星记事,5,2023-11-07 01:29:46,73,《进击的巨人》多像今日世界的一面镜子。我们都是心怀自由之梦却被自由奴役的艾伦，是背负着历史重负最终陷入虚无主义的吉克，是尤米尔压抑了两千年痛苦与眷恋的无知子民，是为不可能的胜利献上心脏的无名众人，最终，也是即使遭受爱的诅咒也注定要走上爱之悟道的幸存者三笠——爱并非恒常不变之物，不是不问对错地守护爱人，而是不断穿越世间窄门，去守护爱本身。
木乐,5,2024-03-04 13:14:51,64,10年了，终于看完了。只有对天才剧本的拜服，前期的巨人解密到后期的政治生态实在做得太好了，完全自洽的世界观，甚至在结尾都没有流俗于解释设定，始终落脚于真正的现实主义，直接打碎了“毕其功于一役”的好莱坞式的大团圆幻想，“革命必须以取消自身为结束”，自始至终都没有以幼稚的加减法完成故事。而艾伦黑化真是点睛之笔（真正的“人”而非“神”的选择），将前期已叙述到瓶颈的个人英雄主义彻底取消，群像戏直指战争与政治的混沌与荒诞，而在个人层面由日常走向“向死而生”的存在主义，终于在稳定的宏大叙事上打出了一细小的缺口：人道主义的对主角的策反只需要韩吉的一句“不能虐杀”，而对人道主义所有的反驳却需要举国的意识形态不停尝试论证——一切都已经解释完毕了。
枝寒雀静,4,2023-11-05 10:45:33,417,结尾时阿尔敏和艾连的对话完全是画蛇添足，不仅没有解释清楚艾连发动地鸣的真正动机，更没有洗白艾连作为恶魔的人设，在拉低了整部动漫格局的同时，也让本应该反思战争的目的荡然无存。
🔒NANIMONO🔒,3,2023-11-05 01:12:14,87,虽然mappa时常给人一副在不懂（死板的照抄原作分镜）和懂（又偶尔能画出更有自己理解的动作）反复跳的样子，但作为打工仔已经尽力了，今井有文的加入也贡献了年底最好的作画之一（毕竟创子原本那打戏画的实在hhh），倒不如说mappa其实变相补足了创子原作不知道怎么阐述爱这一论点的缺点（也是烂尾的最大原因）。十多年看下来还是有感触的，虽然见证了创子一路走偏，但总归还是给业界留下了重量级的一笔（褒贬不一），起码不论乐子抑或严肃，往后可能也很难再有这类奇观作品了。再见了，所有的巨人（不过最后明明是三笠扫墓+小女孩树洞结局，却又把三笠的绷带给删了？讲谈社你好鸡贼啊
第五季,3,2023-11-06 12:26:42,67,"比前篇稍微好点，但还是作画粗糙节奏仓促，打戏完全没法跟以前比，文戏虽然算圆上了结局，也不尽如人意。
巨人最大的问题是城墙夺回战一直到马莱篇调子起得太高，讨论的问题过于深刻，吃到了太多不属于二次元番剧的关注和红利。它一直以来二次元味是没有那么冲的。
结果最后收不住，又回到经典日本二次元的水准，以被PUA两千年的恋爱脑祖奶奶、被自由奴役所以要踏平一切的中二少年作为结尾。
其实作为一部动漫的结局，确实没有问题，哪个少年不想踏平世界呢？但这么处理，与巨人前面给人的期待完全是割裂的。
你前面摆出一副冲击世界名著的姿势，最后掏出这种二次元结局，然后不痛不痒地点题说愚蠢的少年掌握力量就是不靠谱，即使有一层反讽的意味在，也是拯救不了这个故事的。"
ANYA HUNT,5,2023-11-05 16:57:39,87,"十年，最后的最后。
路上小心，艾伦。"
弥望之海,2,2023-11-06 15:34:18,39,十年青春喂狗系列……看到热评好多人极力挽尊只想笑笑。开头打斗场面拉成ppt都不想说了，以为剧情能挽回一下子，结果看到kaji配那段希望mikasa一直记得他，果然变成动画更脚趾抠地了….断头吻真心日在校园既视感…恐怕伊藤诚的精神状态都比艾主席正常点吧….结尾非要给mikasa强行加戏，真让我怀疑这十年我到底看了个什么玩意儿。人们拼命探索墙外的世界，追寻所谓的自由，用无数人的生命换来彻底揭开真相的这一天。却发现所谓追求自由的道路，只是回到了艾尔迪亚人被抹除记忆前的那一天而已，根本没有丝毫改变。mikasa从第一季独立、勇敢又正义的大女主人设彻底跌落神坛，沦为男主的附属品、推动剧情的工具人。从最初看到第一话结尾的那种惊艳和震撼，到昨天最终话画上序章，那种强烈的落差感恐怕只有追了十年的人才能理解。
一心而用,3,2023-11-05 10:56:39,51,总算是结束了！动画版应该算是框架不动的情况下最佳的改编版本了，整个结局毕竟还是谏山为了画地鸣踩人这碟醋包的饺子，为了让饺子能让人下咽反复修改推翻重画最终只能呈现出现在的结果。你要问谏山他为什么一定要这么画，他估计也只能像艾伦一样回一句：因为我是个笨蛋。😂
小药水,5,2023-11-30 20:16:37,46,即使人类只能在一次次互相杀戮后再寻求理解，并且一次次重复这个循环，无始无终，但我们永远不会放弃这个希望，就和其他值得追寻的理想一样。巨人最伟大的地方在于，作者画下第一笔的时候，就已经想好了结局，铠之巨人冲破城墙的那刻，地鸣就已经越过了海峡，就和艾伦的世界里模糊了的过去和未来一样。这在流量连载里简直比金子都可贵，太远不敢说，但绝对是我心中日本动画，过去十年里最伟大的作品。
小莫莫呀呀,5,2023-11-05 15:15:55,84,"历史无数次证明 人类从来不会从历史中吸取教训。

你看那颗参天的大树，黑暗的树洞里隐藏着的一定是邪恶。"
満島,4,2023-11-05 04:54:36,451,这个人物作画还能再丑一点吗（？，没觉得很烂尾，是因为从第一季开始就觉得艾伦是典型的笨蛋主角，所以他做出这种无厘头的举动我反而会觉得很正常。不因为巨人之力而开始的战争，也不会因巨人之力的消失而消失。战斗是否有意义，取决于是否还能再见到你。
驴与火之歌,2,2023-11-05 01:24:12,29,我上辈子一定做了很多坏事才让我看到这玩意。
Rexus,2,2023-11-13 02:52:18,27,給五顆星的人 在想什麼？
废物点心渣,3,2023-11-09 16:48:12,29,"多讽刺啊，始祖尤弥尔在拥有了近乎神的力量后依旧被「爱情」束缚而为伤害她的男的效忠2000年。
片尾ed来看，那两成的人类还不如不要留下，反正人类最终会用战争反复摧毁这片土地。"
萤木C,5,2023-11-05 21:59:07,91,个人感觉，没有烂尾，是关于友情、人性和战争的史诗神作
Roronoa,5,2025-05-03 12:17:11,36,还是觉得对艾伦的描写太少了，这么一个颠覆性的主角，后期完全放弃对他的心理描写，改用他人视角推进剧情，很难立得住。但是不妨碍这部作品在类型上的开创性，确实值得震撼二字
HatcherZ,4,2023-11-05 15:39:06,429,结尾这么好怎么算烂尾，艾伦一开始就只是个普通人，这结局才是普通人面对宿命论的终极解释，甚至心疼他已经做得很好了。最后的彩蛋才是作者最真实的内心独白，人类只会无休止的斗争，即使是主角团短暂的HE，也抵不过全人类的BE，最后还是悲剧的循环。对结局喜欢与否可能等价于相信宿命论还是自由意志。
Akheron,5,2023-11-05 01:01:26,84,"后篇正片的最后一幕停留在三笠抱着艾伦的头，而始祖望向艾伦和三笠的目光如同看向两千年前的弗里茨王。对爱的渴望和对自由的追求之间的矛盾让始祖困在通道，直到最后她终于在三笠的身上同时看到了爱与自由，才得以离开。
后篇副片最后一次讨论了「自由」。正如艾伦在接受行家本色采访时说的「見たい景色がありました」。什么是想见的景色？这是需要想象力的，因为很多时候它不是摆在眼前的选项或反选项，自由是最需要想象力的东西。
阿尔敏看到三笠抱着艾伦的头走来，我和阿尔敏一样哭成了傻逼。最后的最后，我想说感谢陪伴。
さよなら，その自由を求める少年。
いってらっしゃい。"
小心台阶,4,2023-11-05 04:41:03,182,利威尔，这就是结局啦。（“谁让我们是调查兵团呢”给最好的104期。（好恶毒的结尾（MIKASA一款战斗型娇妻（斯德哥尔摩禁止（虽然不知道到底在忙活些什么但还是..一路小心，艾伦
沸海鲸歌,3,2023-11-06 19:10:58,39,两年过去了，我依然认为第139话纯粹是往读者脸上泼大粪。始祖为爱困守2000年、莱纳闻信、艾伦杀妈，虽然愤怒已经被时间冲淡，但这次借着动画化的机会重温还是感到一言难尽...一代神作就结束在138话多好。最后，感谢mappa增加一句台词——“因为让一个随处可见的蠢蛋得到力量，所以才只能迎接这样子的结局”。
小鬼,5,2023-11-07 01:31:51,51,刚看到漫画版结局时，我也曾破口大骂。然而疫情三年，以及“自由”之后，地球上各处的战争，以及身为人类绝望的生活，让我已经对结局和解。动画最终篇只是一次回顾，可我还是一次又一次地被感动。虽然我似乎更喜欢，一个没有人类的星球。
与各位格格不入,4,2023-11-05 06:45:06,145,阿尼不值得好结局
颜落寒,5,2023-11-05 09:33:11,56,十年一梦。致所有不曾实现的自由与和平、不曾抵达的人类理想世界。再见了，所有的调查兵团战士。
再来一瓶！,4,2023-11-08 19:07:07,3,最终季·完结篇·后篇……
ཽཾMozart,1,2023-11-05 17:41:56,179,时隔多年，依旧是不能理解这个结局，讨厌，恶心，让人反胃
荒野机器人,1,2023-11-08 16:55:59,99,我说，作者自己都没闹明白人类，战争，民族这些命题，就不要上升高度啊，第三季结束不挺好吗？
洛水之渊~~,5,2023-11-30 20:40:54,48,"彩蛋的超神结尾，立意直接突破天际--沧海桑田两千年，艾伦之树旁观着一切---天若有情天亦老，人间正道是沧桑。人性永远不变，争斗永不停歇，少年进入树洞新的循环。
致敬无数次落泪的调查兵团自由之翼，人类勇气的赞歌，历任团长所有团员为人类战斗到了最后一刻
十年一梦，感叹人活着的意义就是能看到很多这种震撼人生，直击心灵的作品
十年前自己的偷懒造就了中年困死自己的墙，路在脚下，上路虽晚但仍祝自己好运"
咖啡酱,5,2023-11-05 11:12:41,79,最后的最后的最后（被骗了三次的我）结局已经不重要了，重要的是巨人在这十年给我带来的震撼和对世界的思考。
陆十七,4,2023-11-06 01:43:40,94,"只是，“那天的风真的很暖和，光是跑着就很舒服，我说不定就是为了在这里跟他们一起赛跑，才出生在这世界上的。”
这些与繁衍无关，也是我最重要的事。
如果以世界和平作为结尾，那就太乌托邦了。调查兵团在返回岛的船上那段话，才是真正的意义。"
www.,5,2023-11-10 00:40:50,45,我喜欢ed的艾伦坟墓小故事，让整个故事更有意思了
667,3,2023-11-05 10:47:43,28,我们的谏山创大师捏出了一只如同卢浮宫的胜利女神像一般美丽的无头巨人，可惜捏到脖子的时候突然狂性大发，操起雷枪把后颈肉给炸没了。
琴酒,未评分,2023-11-21 19:34:22,17,哎，可能因为我从头到尾都很讨厌艾伦（真是个想让人一拳揍地上的烦人自大狂），也不大能够认同兵团，所以当年才对结局接受得那么爽快……虽然不好，不高明，但确实是创所认同的，即在一个二元的困境里，想要找第三条路却发现被关上了门，于是只能硬着头皮凭着本能里的不甘心和凭什么选被唾弃的那条路。我甚至是有点怜爱这个艾伦的，哪怕犯下这样的罪孽，我认同的也就是这从开头响彻结尾的「凭什么」和这彻头彻尾的没有任何美感的垮塌。显然动画和我的理解完全不一样……
d伯爵,1,2023-11-05 23:39:22,86,兄弟，算了，老子有马莱绿卡了
我傻故我在,1,2023-11-05 18:58:07,94,"意难平。最差的一个选择，不管是把外面世界的人全杀光，还是吉克的计划都比这个杀80%的人类结局强。最后无止尽的仇恨循环，艾伦，你改变了什么？这就是你的选择吗？因为让一个随处可见的蠢蛋得到力量，所以才只能迎接这样子的结局。
我真的心疼团长，多少次献出心脏就换来这个傻逼结局。"
Lunaria,5,2023-11-05 08:12:45,69,神作。有一段时间神作几乎变成贬义词，我也不再用这个词汇形容我认为优秀的作品，但对巨人，除了神作不知道该说什么。即使看过无数次，到对每一集发生什么都如数家珍的程度，我仍然时常希望自己能失忆，再看一次。2013年的4月，我因动画第一季而入坑，到今天已经超过十年了。昨天深夜，当我看见动画版的完结倒数，我忍不住想，此生还有可能再有这样的十年吗？还能看见这样的作品吗？
熊耳朵,5,2023-11-26 22:43:37,31,跟友人讨论都觉得…………艾伦的选择多少是因为经历了太多轮回带来的精神崩溃吧。“道”中阿尔敏和吉克的对话仅次于艾笠断头吻和离别歌让我哭到不可思议，归根结底我也确实，也确实只是，想紧紧地握住那些仅仅是投接棒球的瞬间。
ripley,未评分,2023-11-05 11:08:37,28,我是“自由”的奴隶——艾伦•耶格
帮我编个名字,5,2023-11-05 05:11:38,60,返回帕拉迪亚岛的轮船，甲板上似乎站满了人
居无间,5,2023-11-05 21:56:01,44,85分钟没有一点水分。强大的分镜、丝滑宏阔的动作场面让人叹为观止，意识流的叙述将故事提升到了形而上的哲学层次，每一处闪回都勾连出了太多回忆。激情之情难以言表。即便有诸多遗憾，《进击的巨人》仍旧是私人心目中最伟大的动漫。“我先去地狱等你。”  “再见了，艾伦。”
valen,5,2023-11-07 12:33:19,35,不想结束😭兵长说这就是结局了的时候我真的整个大哭出来！
肉肉,5,2024-02-23 15:18:18,52,2024年不再出一个《进击的巨人 最终季 完结篇 真·后篇》我是不服的。步入社会以后，除了高达相关的题材，动画片已经几乎不看了，但是这部神作居然让我找回了学生时代追火影的爽快感觉，这是近年来看过最好的动画片，画风扎实，音乐超棒，主题深刻。恭喜大结局，没有烂尾，艾伦一路走好~这部动画陪伴了我10年美好时光，为我的曲库提供了超多经典歌曲。最好的战争题材故事就是反战，有人类就会永远有战争，反对战争永远不能停止，塔塔开。
一字千金小可艾,1,2023-11-05 14:45:03,55,动画在怎么找补也改变不了反战败的核心思想，第三季的死亡冲锋前都是十分，之后就一点逻辑都没有了，作者的能力决定了他搞不出大格局的剧情
Wonder,4,2023-11-06 00:21:25,64,当引入时空闭环、因果决定的概念时，巨人的故事逻辑就已经不可避免地走向了混乱，最终谏山创只能塑造一个完全失智的艾伦来勉强收尾。好在动画补足了情感画面，让结局的观感不算太差。
閃光魔法師wing,5,2023-11-07 13:47:26,33,一个随处可见的笨蛋得到了足以灭世的力量，就好比一个普通人拿到了死亡笔记，在上面写上憎恨的人的名字是很正常的事
王周鹏,5,2023-11-05 20:26:17,27,"泪崩完结！大结局令我惊叹！全篇剧作恢宏又精巧，立意深远，超人、永恒轮回、爱命运…可谓之神作！
这些人背负的记忆太沉重、太痛苦了，所以对现实中的种种风险、诱惑、辜负也就更无惧也无所谓，而自己的及所爱之人的「死亡」和「永别」却也才是我们应该直面的根本。死亡是生命的起点。
特别特别有意义的是，最终集我是跟推荐我这部剧的同学章宇轩一起观看的！

捧げよ！ 捧げよ！ 心臓を捧げよ！
全ての犠牲は 今この瞬間の為に
捧げよ！ 捧げよ！ 心臓を捧げよ！
進むべき未来を その手で斬り拓け"
ToriAmos,4,2023-11-05 12:28:28,76,严肃而引人深思的结局，满腔热血的理想主义终究败于人性的幽微，而将力量/权力交付于普通人也只造成了无谓的伤亡，作品和《守望者》的内核一致，人类或许仅在共同的外敌下才能真正团结，而纷争才是日常；结合近两年的事件更能理解这部作品，看到艾尔迪亚人的千年精神连结时很难不和犹太人对应起来。小的失误在于艾伦的宿命论在最终才揭晓，略显突兀；更大的失误在于吉克的转变是不符合人设的，他是不会被寥寥几句关于尘世生活美好的话语打动。
招喵仙姑,4,2023-11-05 11:21:53,51,四星是情怀一星扣在“那种事不要啊”
thanks,1,2023-11-05 21:56:54,60,简单描述就是我和杀了我全家的仇人联手把我最好的朋友杀了。理解不了。共情不了。一群圣母
DONT_BOTHER,4,2023-11-05 16:02:16,48,"结尾哭死了！
让我们在地狱再会吧
嗯，我先去地狱等你。
我们会永远在一起。
但这个世界不会拥有永久的和平。“总有一天人们一定能互相理解”也是可笑的。但并不代表现在的牺牲没有意义。"
serney,4,2023-11-05 14:21:00,42,如果是19岁就已经想好的故事结局，爱情一定是他当时觉得最美好的事情吧。（原来是个纯爱番）
猫坂御河,4,2023-11-05 12:27:35,55,再见了，所有的巨人之力
mouetteO,5,2023-11-05 14:18:51,47,没毛病啊，世界就是这么虚无
枕小路,5,2023-12-09 19:26:56,64,不明白为什么大家都在说这样的结局烂尾，这明明是艾伦看了无数次未来之后选择的最好的途径，他看过了太多次人类的终局，看透了人性，他深知，不论他怎么做，人类这一生物永远无法停止纷争，他只能保证在他最爱的人活着的这一两百年间，不受任何伤害，自由地……
獾狸猿一皿,4,2023-11-05 23:28:16,20,尽管最后的剧情逻辑和《反叛的鲁鲁修》变得几乎一模一样无甚新意，但精彩的制作、强烈的现实指向性和鲜明的人物刻画都使其足以在动画史上留名。
F_Eric,1,2023-11-06 19:24:13,45,你们凭什么替艾伦原谅？
淡水海边,4,2023-11-05 22:09:26,20,终于完结了 虽然最终还是不可避免地陷入虚无主义的调调 可能谏山创从当代史也找不出答案 战争某种程度上真是无解的 艾尔迪亚人和马莱人互相把对方当成恶魔 莫名地像当下的巴以 而巴以之间也有筑高墙 所有历史都是当代史
обломов,5,2023-11-05 10:54:19,23,很多年后，我会跟一些小朋友一同分享这个古老陈旧的故事，告诉他们人类一直孕育希望再毁灭希望，有的真相，不在你的眼睛前，在你走过的所有路上和广阔世界的边缘
maxvilla,5,2024-05-29 21:06:56,1,最后的最后了，这下真没了/(ㄒoㄒ)/~~
大碗拉面,1,2023-11-06 00:18:20,49,即便把ntr艾伦删了，即便修饰的再好，最终还是跟漫画一样把屠杀推给一个人的军国主义思想内核，就当从第一季开始就追的青春喂了狗了
Rather,1,2023-11-06 10:56:51,46,对于发动大屠杀自己也不知道自己在干嘛的艾伦我喜欢不起来，巨人就应该在看海的时候完结
公民奎文,5,2023-11-06 00:52:18,36,所有的回忆杀我都没落泪，莱纳妈妈一句“一直以来真是对不起你，我已经不奢求什么了”我直接泪奔
海底读书,4,2023-11-05 12:16:40,23,"说好了出了大结局肯定给一星呢？说什么因为情怀给高分都是耍流氓[旺柴]

好好一部作品拆成N份，光是大结局就分了好几年，太影响观感了，以后未完结的作品再也不看了！"
周杰伦,1,2023-11-06 21:49:51,27,"一流制作,把读者当低能的剧情"
王三十九,5,2023-11-22 21:53:45,19,挺好的，没有什么意难平的，每个人都有个好的结局。人类整体上确实没长进，总是要争个不停。
哈哈哈哈,5,2023-11-05 20:26:42,32,三笠阿克曼坐在艾伦的墓前，一定会回想起那个上山砍柴的宁静午后，相同的地方，那是一切的开始，也是一切的结束。今天看完结局的我也会回想起第一次点开巨人的时候，我绝对想不到能如此震撼，如此宏大。这样的结局配不上这样史诗级的作品，但要多壮烈的结局才能配得上这么伟大的作品啊！前半部分战斗场面太悲壮了，太震撼了，但后半部分艾伦开始自白反而失去了震撼，感觉有点平淡，索然无味。直到最后结局尤其是片尾曲时，人们建起高楼大厦，又摧毁掉，世界和平永远无解。结局没有想象中的震撼，但依然有太多镜头看得人热泪盈眶，这是我心目中对战争探讨最深刻的作品，可能未来五年十年内都看不到这么震撼的作品了，悲壮，震撼到极致的作品。
读诸子宜🍂,5,2023-11-05 11:02:52,19,"原来生命的存在只是为了做两件事，一是无限繁衍，一是感受恐惧。这两件事互相滋养，彼此依存，逐渐壮大，最后蔓延到活着的每一个角落。谁能在「生命存在的使命」面前感受到片刻纯粹的快乐和宁静，谁将会获得片刻的真正的自由。天机算不尽，交织悲与欢。古今痴男女，谁能过情关。从质疑到理解，感谢时间把一个人的纬度拉长，把思想变厚，“烂尾”什么的，如今让我泪流满面。一直在小我与大我之间挣扎，我感受到了人类高级的痛怆和悲悯。一边恐惧死亡，一边将婴儿向活着的方向传递，为什么我们对「未来」如此渴望？我不知道。华丽地说再见吧。这个世界不会停止疯狂，繁衍的背面是消亡，恐惧的结果是战争，华丽地说再见吧，和虚无对赌，和悲剧并肩，和最爱的人离别，和最渴望的说「这就是一切的结局吧」。到如今，确实是十年了。十年一瞬，匆匆如烟。"
栞,5,2023-11-05 08:57:35,12,一路走好，艾伦。杀死了全人类80%人口加上自己的死亡，最终也没有换来永久的和平。再从故事中看看现实世界，更加惨淡更加虚无。进击的巨人，日本动画中最好的反战片。
国王KING,4,2023-11-05 10:30:06,16,十年，真是漫长的梦啊。
心悦晨,5,2023-11-05 01:32:26,25,"剧情不变，改了分镜增加对话提高观感。
很多人喜欢霸权社的画风，但是我挺喜欢马趴风格的，有种电影质感，但是人脸经常会崩坏。。。
最终季的制作在我看来是非常满意的了，马趴的制作在尽力让这难以调和的结局被观众接受，把原作中荒诞滑稽的观感抹除，最终给我的感受是较为圆满得落地，一些画面配合音乐甚至让我有点伤感和意难平，最后这个备受争议的原作结局经马趴之手可以说是从不及格抬到了中上甚至佳作水平，即便不算神尾也有个中尾吧，从前面的剧情一路下来还算平滑，结局并没有拖后腿。"
羽夜祭,5,2023-11-05 22:36:00,20,果然，十年的精彩是难以收尾的，但是结局也还不错，明显无语到的是始祖尤米尔的2000年讨好型爱情故事。另外看到一些朋友时隔几年依然支持地鸣成功完成，便觉得动画里艾伦和阿尔敏都坦诚怀有过的毁灭全人类的想法是真实与众多人共鸣的（有时候我也是。最后的最后，加一颗星吧。
愁容骑士7,5,2025-02-16 01:59:20,12,这是烂尾？当初说烂尾的人给我跪下 战争这个问题就是解决不了 作者整到这 已经可以了 一鲸落万物生 艾伦诠释了 爱和自由 很精彩 打的那段让我想起龙珠打布欧了
风雨骑老师,5,2023-11-05 22:36:58,32,十年一觉巨人梦，两家动画公司完成了日漫史的一次史诗的接力。巨人浓缩的不仅是故事由展现奇观的热血少年漫到更严肃的神话寓言和现实隐喻，谏山创的创作心境，动画业的技术发展，音乐的审美变化，声优的十年变化，乃至十年后所有观众对第一话的再解读，都在此刻成为艺术。回到最终话，我认为Mappa交了一份还算优秀的答卷，把原作用色彩和音乐让争议缓冲得更加柔和，名场面演出比起season4 part1来说已经进步不小。片尾曲Staff部分的小剧场颇有《火之鸟》的神韵。无论如何，进巨已经是这个时代最好的动画之一，它是可以在你已经记不清人物的姓名和情节的将来，但一旦听到那些曲子和看到那些画面，依然会回到你第一次看得时候起了鸡皮疙瘩的那个瞬间。
August,5,2024-04-28 20:19:11,18,"谏山创对动画最终季提了很多建议，从效果来看，弥补了月刊漫画工期导致的叙事节奏缺陷，也让两年多前曾引起滔天争议的结局，被更为直白地呈现在观众面前。
我想《进击的巨人》最独特之处在于，用10年心血，展示了一个现代的青年作者、一个和你我相仿的普通人，是如何记录、感受、理解、展望这个世界——这个70亿人居住的蓝色星球，同时有着鲜花和烈火、爱与恨、宏大与微小、家国与个人，极尽复杂又草台班子的“人类共同体”，而我们身处其中，又该如何度过一生。
它呈现出浓厚的作者性和时代特征，提出一个个终极的问题，最后以悲观和荒诞结束。但它又给几乎所有的配角和小人物以最完整动人的刻画：或许大的命题无解，但抗争的过程和具体的人，他们就是意义本身。去求知、去思辨、去行动、去爱人，永远拥抱世界的复杂性。"
_Paradox。,5,2023-11-09 14:40:43,36,后人哀之而不鉴之，亦使后人复哀后人矣。还是希望这些优秀的作品能影响更多人吧。
逆天丸子,5,2023-11-06 00:04:30,11,看完结局，那个捧头接吻虽然有点炸裂（谏山创莫不是看过日在校园的结局），一切终究是结束了，我们的青春也跟着艾伦消逝了。
阿基米德追上龟,1,2024-08-18 22:42:25,13,灭霸打响指无差别攻击的内在逻辑是立得住的，而艾伦前进消灭岛外的人民仅是格局小，屠杀了八成人口是为把世界发展水平拉到母国一样落后，和把同伴们塑造为英雄。用巨人的超时空能力都难以让这个艾伦口中的宿命论自圆其说，我和阿尔敏有着一样的疑问，“明明是你自己决定，自己动手”！缅怀发动大屠杀到genocide层面的人，和现实中参拜靖国神社有什么区别！？
佳昕蛋挞,2,2023-12-23 03:55:20,18,烂尾：强行煽情，逻辑混乱，三观尽毁，味如嚼蜡，不知所云，无法理解，就此别过。
20个小明≯,4,2023-11-23 16:02:59,2,细碎的原创部分真心功德无量，林导是真良心，马趴的技术也是真有差距……不过总算是结束了，好在有个善终……
Fly  Away,5,2023-11-05 13:51:40,14,"结局已然无法改变，当初的愤慨似乎也仅停留于心中期许结局的不对等，但回想巨人表达的这段循环的战争历史时，总是在从中展现出关于和平与人心的黑暗天平，因此随着时间跨度，也逐渐接受艾伦的选择和最终的结局，可暂时的和谐只是虚影，人性注定会把暴乱的基因传递下去，最后感到深深的无力感，一个人的孤独之旅和赴死，是“个人英雄主义”也是“反个人英雄主义”，但只看此层次确也肤浅，毕竟上升到整个人类结构层面时，在角色的不同抉择的基垫下绘制着宏伟的人类命运史，结局看似光明，且仍然怀揣潜在的病因，毕竟我们也都是“自由”的奴隶
“十年”跨度的并肩作战，已经超出剧集内的情绪，故事每次回忆到三人组的过往，就已经满含热泪，而这一点就不值得打低星，仅仅因为结局而否定整个巨人的人，也许根本就没有认真领悟其传递的本源"
hhTron,4,2023-11-05 11:23:34,7,果然很烂，什么狗屁英雄，什么世界和平，不过赞同评论区的一句话，已经和烂尾的结局和解了。
熊猫の大叔🌈,5,2023-11-06 12:22:13,29,人类终究还是配不上那个互相体谅的世界～如果一定要做奴隶，那就做自由的奴隶吧。
李奥曼之肚,5,2023-11-06 20:53:43,26,比漫画好，神作
91,5,2024-01-19 06:08:59,14,我也有过把人类彻底消灭的想法
cynhhh,2,2023-11-05 10:00:56,12,混乱不堪的情绪调度，忽大忽小的视角，滑稽至极的台词与动作，别忘了极快的收尾速度，还有及其不合时宜的激昂BGM，进击的巨人最终话简直就是一场灾难，但动作场面不错，这就是对巨人的结尾
威治魚,未评分,2023-11-09 09:30:59,13,在消除掉巨人之力这个bug以后，各方人类终于可以平等地自相残杀了。
政宗,5,2023-11-24 09:14:50,17,谏山创想表达的，是用一个完整周期的故事告诉我们，人类始终是生生不息轮回着的。而轮回的最大悲剧，是人类从来从历史里学到的教训就是人类学不会任何教训！而人类手握最大的智慧武器就是自由，这种自由，能否带领人类文明突破这种相爱相杀的轮回。答案是开放的，是要让每个看过剧的观众，自己去理解自己去实践的。那些在评论里指望谏山创给予答案，并且愤愤不满的人们，从来就是惰性的群体！
婪,4,2024-10-13 05:31:41,9,3.5🌟可能隔太久了再看，感觉略矫情。铺垫那么尤米尔深沉痛苦最后是因为太爱弗兰茨王有点搞笑。
ssjjx,1,2023-11-19 05:41:34,25,好歹毒的剧情，从来没看一个动漫愤怒成这样。这些所谓的伙伴都该去死。前面三季挺不错，最后矛盾的解决就是靠爱情？？？因为解决不了恒定的矛盾，所以就偷懒推到艾伦一个人身上，像吃了屎一样。
漫漫云端,4,2023-11-05 12:00:48,12,虽然方式残忍... 但是艾伦啊😭😭😭😭
夏无苴,5,2023-11-05 01:29:18,29,就像漫威布局10年，迎来复联4一样，巨人也在10年后的今天走向了落幕，有争议也好，烂尾也好，神作也好，一切都已经结束了。不算完美，但也称得上神作。ps：下次能够看到类似的作品，没个二十年都等不来！
井上多罗,5,2023-11-17 21:25:49,14,画上一个句号。这是我看过最震撼的动漫作品
17950,5,2023-11-05 22:14:47,6,在这个作品面前十年变得好漫长啊…记得最后那年漫画一话一话的追，每出一话知乎上还能吵半天……动画一口气看完变紧凑了情绪上果然会更到位，而且在演出和声优的努力下，一些很二的对白被处理得比较舒服了（是的演员的职责之一不就是让看上去不合理的对白听起来比较合理吗哈哈哈哈）以前觉得这个剧情其实没大问题只是诸葛创临门一脚踢飞了，能力限制没能在短短一话里交代好写流畅…但看完动画认真想想艾伦和阿尔敏的剧终对话某程度上其实多余，是对作品完整性的一种破坏（当时确实也对口碑造成了毁灭性的影响）直接进事后篇用世界的变化当论点展示引发讨论不比两人用嘴吵好？都决定扮演大魔王差点屠人全家到头来却还是想要祈求有个人理解你？这一族人还真是gaslight大循环…不过小家子气也算艾伦的核心人设…到了他都是那个最欠揍的小孩
Kassiali,5,2024-10-26 23:19:18,13,艾伦从始至终都是一个单纯的想保护自己朋友的少年 而那些抨击他的人无非是站在上帝视角认为主角就应该放弃小爱而虚伪的去选择大爱 但是凭什么呢 你自己问问你自己 你能做得到吗 看见有一层楼说甚至吉克的计划比他的好的 你对于好的标准不也是上帝视角吗 而艾伦心里就是同伴能活着就是好的 其他的都是废的 而自己可以去死 真的很心疼他 他也才19
Surffer🏄🏽‍♂,5,2023-11-05 02:06:05,20,十年一梦
天道玄真,1,2023-12-28 21:20:59,12,"《巨人》烂尾了吗？没烂尾，它烂在了腰上（《白夜》那一集放弃艾尔文就开始逻辑滑坡了）
    虽说《最终章后篇》为这十年的动画连载画上了句号，不过未增加任何新内容，远远没达到《Death Note》那样的程度，且制作质量和节奏较《最终章前篇》明显下滑、赶工更甚
    总之《进击的巨人》是一部打戏精彩、制作精良，但后半部分剧情不合逻辑，暴露创作者心理阴暗扭曲的虎头蛇尾“大作”。你从故事当中找不到任何像样的历史象征、权力隐喻和思辨逻辑。作者不过是一个擅长画战斗与人物日常故事的画匠，没有描绘宏大叙事的能力还偏要整活，借着日本发达的动漫业界顺风飞上了天，也把他那猥琐畸形的世界、人生和价值观展现在了世人面前
    另：愿意打五星的，那是你的自由，但别一副“精神耶格尔派”的嘴脸，宁们不觉得自己恶心？"
长琴,3,2024-07-25 22:16:37,6,最后一章之前都还好，但最后告我折腾这一溜够就是源于一女的斯德哥尔摩加恋爱脑发作了两千年？那王有啥值得你两千年下不去手干掉的啊还非得见识一下别的妹子能为了大爱手刃挚爱你才能解脱？这不有大病吗？活该你当两千年奴隶！得强迫自己把这一切理解为大自然为了清除过剩物种才派出那虫子大规模消灭人类这种害虫才能平复心情。艾伦勉强算洗白点吧，他要不消除同伴记忆就把未来展示给他们看呢？也想不出解决办法吗？本来交代这帮人结局的时候情绪平复差不多了，结果片尾这对儿主角交代的过于长远了，都演到咱们这些愚蠢的人类继续在这片土地上打来打去打到再次一片废墟了，哎！留啥两成人口啊都死了算啦！我看没人类存在地球自己过挺好！就应该把全世界人类都阉啦！气死我了！看在我追这么多年的份上！给它及格。
无聊小卑鄙丶,2,2023-11-05 08:47:05,31,我毁灭全世界就是让小伙伴安度晚年，NB!
Mamacita117,4,2023-11-08 20:46:28,6,十年前初遇的时候，绝不会料到十年后被疫情支配过的恐惧。也根本不会想到一群半大小子，咬咬手指头就会变身战争机器，就好比我们经历过白衣时代，谁也不是过去的我们，一切都结束了，以后不是以后，只分前后。
Lanita,5,2023-11-15 20:11:57,19,这次是真的结束了。想想我刚开始追巨人的时候，是跟初出场的三人组差不多的年纪呢，竟然就十年了，感觉城墙被攻破也不过发生在昨天而已，一个漫长遥远的昨天。
朝露昙花,4,2023-11-06 23:42:13,12,终于完结了，放眼整个动漫史，始祖尤弥尔也是非常炸裂的恋爱脑，雏森桃都弱爆了好吧，尤弥尔就是恋爱脑的始祖
db_tt,1,2023-11-10 11:09:33,19,“现实”不是逻辑崩溃叙事失败的遮羞布
火娃,3,2024-02-12 11:09:27,8,7/10。艾伦自身承载的自由意志过载时，身体增殖出马路般宽阔的骨架，本体存储于脑与身躯的连接处，其毁灭性的力量被禁锢于拯救与挣扎的永恒轮回中，他一面拯救了被摊主们殴打的小偷少年，一面化身超大型巨人踩死了他和兄弟。墙外的世界证明世界之谜无法解决（那天吃掉妈妈的是？），只有解决自己，艾伦逃逸回心理主义来解决世界问题，不管世界毁灭，只管我活我的和阿克曼一起砍柴，但艾伦毕竟不是碇真嗣，无法用躺平实现某种抗拒。在致敬了[辛德勒的名单]的海崖场景中，前进的巨人与被托举到后方的红色襁褓形成对比，它表明人类重复性的繁衍欲望，随后阿尔敏希望吉克插手时，解释了这种重复性的意义就是传承，就像父子传球的游戏让吉克感到幸福一样，死者将意义托付给下一个生者，就是与这个不断发动战争的世界抗争的唯一手段，也是抵抗命运的自由选择。
荒,5,2025-03-09 00:43:14,11,我喜欢这个结局
甜甜圈,5,2023-11-08 13:24:28,25,大结局绝对算不上烂尾，谏山创的反战思想传达的很透彻，只是需要时间来沉淀吧，神作终究是神作。
夏日终年,5,2023-11-05 02:34:46,26,献出心脏了吗？成为恶魔了吗？得到自由了吗？艾伦被爱人亲手砍下的头颅，静静躺在三笠的怀里，少年们以一生为代价写下的残酷物语，上演着两千年宿命的最后结局。
何处西南,3,2023-11-14 23:44:05,14,讨论人类模式与秩序的角度还是很陈旧，剧情设计也远没有开篇那么丝丝入扣。内核很小气，给人感觉就是憋了个大的结果就这，浪费了世界名著级别的世界观构筑。最要命的是mappa的制作质量差强人意，打戏只能叫有，回去看第一季的伏笔，才发现制作水准还没10年前第一季好….真的完结篇做得太一般了，吊足胃口却没有什么记忆点
清都山水郎,5,2024-04-06 19:35:58,7,"神作！谏山创和泽野弘之都是神！
一开始以为是俗套的懦弱小子成长史，后来居然是探讨国家和民族，然后是生命的意义 ，大爱与小爱，反战，亲情爱情友情，家国种族，人的意识，人性...
而且还都讲得很充分很立体，庞大的世界观和逻辑几乎完美自圆其说
最后的结局让人悚然，原来就算没有了巨人和高墙，人类也会重新筑起新的“高墙”
那么前人的牺牲就是无意义的吗？不，艾伦的墓碑荒草丛生了，但也会有新的英雄，即使人类从不会和平
最后一集也看得热泪盈眶
短短数字不足以评价这部作品的伟大，从故事到画面分镜音乐气氛，堪称完美的动漫作品！"
爱伦陶德,5,2023-11-12 13:22:19,12,若干年前骂巨人烂尾的那群少年小青年们，如今长大，他们终于明白了这个世界的规律和真相，正如作者从始至终想要传达的一样。恒古不变，绝世神作！
长衫,4,2023-11-19 18:29:26,5,易被洗脑的热血少年，被长期pua的单纯少女，让这样两个随处可见的蠢蛋获得巨人的力量，自然会导致一系列的悲剧。那种经历人生重大挫折仍能保持人格不扭曲的伟光正男主我们见得已经太多了，反之如果随便拎过来一个普通人拥有超能力拯救世界，那结局大概率就是艾伦这个样子：“中二少年想要当救世主，发现难以做到之后又被所谓的“殉道情节”自我感动，试图通过牺牲自己的方式成全他人，重启世界。”骂烂尾也能理解，谁让艾伦没能一路塔塔开到底呢，可比起让“所有人都能拥有一个美好结局”来说，这样的完结也许才是最现实的，毕竟战争哪有那么容易终结，核弹之后又是新的轮回。不是一个完美的结局，但也确实不需要那样完美的结局。
谢里丹封笔吧,2,2023-11-07 00:31:24,10,艾伦的逻辑闭环我闭不上了，所以我直接让他角色崩坏了。我笔力不够想不出来怎么结尾了，所以我直接交代这货就是个笨蛋他也不知道怎么办就完了。呵呵，日本的动画影视真是纯纯的手工业，换成欧美的编剧团队，人就是给你放味道差不多的罐头，也不会让你吃屎
饭夫斯基,3,2023-11-06 03:26:08,11,到底还是烂尾了。尤弥尔的执念起因如此狭隘，艾伦到底在什么程度上理解她毛线了呀？全片看下来，觉得使了好大一个劲，放出来一个屁，既没有什么意义，也没有什么影响。反战格局也拉低了，反正没了巨人之力，人类之间该打还打，结局究竟有什么意思？这故事讲不讲的吧，看了个热闹？
David乐乐乐,5,2024-09-17 00:40:42,7,哎，太苦了。不敢说。
萨尔茨堡的树枝,1,2023-11-05 23:01:27,39,第一次看完一个东西真的想吐
Strawberry,5,2024-12-09 00:35:30,22,「那天徬晚，我们三个人朝着山丘上的大树为终点赛跑，那一天的风非常暖和，光是跑着就觉得很舒服，看着枯叶漫天飞舞，那时不知为何突然觉得，说不定我就是为了在这里跟他们一起赛跑，才出生在这世界上的。」
地球土著,2,2023-11-05 04:33:23,20,打戏不精彩，文戏只能叫做嘴炮。死了几百万人，但是震撼程度完全不能和前几部死了几个调查兵相比。隔壁小岛秀夫经历疫情都重写剧本了，谏山创你。。。算了，你是真该死啊
进击的拳头,5,2023-11-05 18:10:59,24,至今犹记十年前S1E1的震撼，那一天人类终于回想起被巨人支配的恐惧，拉满的氛围感、强烈的节奏感、被渲染到极致的恐怖感。还有S1残酷的世界、三笠的觉醒、艾伦堵门、利威尔班覆灭、埃尔文超前思维、艾伦穿心变巨人、S2城墙叛变、尤弥尔看见“道路”、埃尔文断手高喊前进、艾伦始祖之力觉醒、S3利威尔砍兽巨、阿尔敏自我牺牲、S4突袭马莱、艾伦沉着冷静三次变身等等等等，带来的无以复加的震撼和对人精神的巨大牵引。
glow,5,2023-11-05 13:47:24,8,这个系列伴随我十年，已经不是讨论烂尾不烂尾的问题了。现如今巨人更像一部寓言故事，人类就是这么烂，主要存在一天就不会没有战争，制作组辛苦了，如果能在大荧幕上映就更好了。
笔盖,3,2023-12-22 00:23:40,7,MAPPA救活了人间失格的绝世小丑，但尤弥尔的刻画，终归是巨人降格的最终一环。
猫窝深处的冻鳗,3,2023-11-05 21:26:54,4,我不会说MAPPA尽力做出了最好的改编，但这就是事实。万万没想到，原本准备迎接巨人跌落的我看完依旧被感染了。依旧燃炸的立体机动作画、情绪调动剂般的音画表现、黑白中的象征种族延续的红色(婴儿)，尽管不是我期望的结局但我看到了曾经爱巨人的理由。文戏方面更是超越原作，不再只为马莱绿卡的阿尔敏、守寡的三笠、只是拿到灭世力量的蠢蛋艾伦，支离破碎的角色逻辑竟被MAPPA缝缝补补拼凑起来，让其变得合理更能让人接受。只能说动画被原作拖累了，这样的结局这能让观众和解吗？看完我终于知道我为何那么喜欢Air/真心为你了，因为它踏出了谏山创永远踏不出的一步
📽Anakin🏂💨,5,2025-04-06 00:59:52,2,"绝望的感动，感觉人类没救了。
还有动漫史上后劲最大ed。"
江洋大盗,5,2023-11-09 10:55:41,12,不可否认，这就是动漫史甚至是世界文学史上浓墨重彩的一笔。用残酷的笔触、唏嘘的走向反驳了一众头脑简单的民族主义者，将民族主义带来的战争揭示给他们看会恶心到他们是必然的，一切非议的来源都是因为他们把前面提出的自由当成了口号，而非需要严格审视的哲学命题，他们也肯定不愿承认自己信仰的自由，会成为自己的桎梏。
颍原真吾,5,2023-11-05 11:00:44,16,我先去地狱等你。
Lobgran,4,2023-11-07 21:06:49,5,不算烂尾吧，战斗场面依然水准，知道了过去和未来之后的无能为力，一个普通人会怎么选，这才是最合理的选择吧。
⋆ ˚｡𖦹 ⋆｡°,5,2024-10-19 08:34:57,7,莱纳结局从四十几岁大叔变回二十几岁小伙子了
佑夀i,5,2023-11-05 11:35:41,18,这辈子看过的最好的日漫
人皮動物,1,2023-11-05 23:04:18,15,不好意思太煎熬了2X都忍不了。23/11/05
bayer04,5,2024-02-28 16:51:57,12,最后就是这么sarcastic，一个啥也不懂的中二asshole掌握了无限的能力，而已。多么巨大的一个玩笑。
颜秋,3,2023-11-05 19:11:43,5,如果许多人煞有介事地坚信「进巨」将成为我们这个时代的表征，我不打算反驳，倒是乐于将审美裁夺的权力（再次）交给无始无终的时间。穿得破时间的屏障，方有登堂入室之功。其他的不满也好、诲语也罢，都随风吧。同时来说，当许多人煞有介事地坚信着如何如何，这本就是时代的某种反应，让我们且耐心一些，观察时代会给予何等回应。
陈轮,5,2023-11-06 02:23:28,12,十年了，终于迎来结局，似乎可以理解漫画终结时，为何那么多人在喷烂尾，因为他不爽，甚至有很多无力感，这跟日漫一般来说所追求的中二世界远远不同，但是巨人所表达的世界，却更加深刻，我感觉到谏山创将一些二战元素和二战后的世界发展融入这个虚拟世界，又通过这样的结局来表达自己的反战情绪，很令人动容，过段时间打算重新从第一季看一遍这动画，应该会有更深的感触，但无论如何应该都是我看过最好的动漫了。。。
夏日扬帆,5,2023-11-05 10:26:30,5,一代杰作的完结
bagel,5,2023-11-05 19:06:51,22,艾連，我們在地獄裡重逢吧。
逍鹤子,5,2023-11-06 09:09:50,4,艾伦只是个笨蛋，创哥哥也只是个笨蛋，让几个笨蛋给出人类终极问题的答案，的确有些不太可能。所以他们只能成为自由的奴隶，只能向前进，只能塔塔开。所有人都是自由的，但所有人都在枷锁之中。从卢梭到萨特，自由都是众矢之的，也是万恶之源。祖奶奶从扭曲了两千年的感情中解脱，这是自由；怪诞虫象征着生命的顽强，这也是自由；人类不可避免地交战、杀戮，最后走入树洞，迎接新的怪诞虫，这更是一种自由。
轻浮玻璃罐,1,2023-11-06 00:19:01,25,这种精神凌迟为什么要人经历第二次呢我请问😂在一个所有人都被谏人不分次元平等凌虐扭曲面具焊脸上的世界凭什么有人可以死那么坦然没有遗憾啊，说着更恨被风光厚葬的猴子了，被砍真是你毕生殊荣啊，在一个守寡十年的精神病世界里存活是一种侮辱好吧，天呐回头才发现原来你们每个角色都被谏人赋予了各式各样的精神顽疾，我很难想象声优是在怎样的信念感支撑下念出那些台词的，简直是个痛苦到极致随之变无痛的纯阴间作品，the end出场回想起来就只有种茫茫一片真干净的无限虚无感，献出心脏是没有任何意义的，严肃在最后一刻被消解殆尽，可是十年过那么快却像走了两千年那么远，为什么我能持续面部抽搐地给看完，啊直到马趴终于可以跟谏山创一块合葬了我都根本调理不好
RockKI0,5,2025-02-08 02:09:24,14,一个全篇没有讲爱情的番，却阐述了最伟大的爱情
李倦容,5,2023-11-06 18:32:44,11,再过一百年，人们也不会忘记这部作品。不是因为它是最伟大的动画，也不是因为在别的，而是因为它本身的存在。从最开始的「巨人」和「愚蠢主角」的设定，到最终艾伦说出那句「一旦愚蠢的人掌握了力量」，使得这部作品从各方面来说都完全达到了它应该有的高度。此外，最重要最重要的，是结尾留给了三笠。成年后的三笠坐在少年时的山坡上，是我观影史上最难忘的画面（另一幕是《虫师》中狩房淡幽和银古一起坐在山坡）。再一次印证了我一直以来的想法：在所有的艺术作品和人类事件中，爱情，就是最重要最值得追寻、描述与赞美的。最后，感谢谏山创！感谢霸权社！感谢马趴！感谢所有声优！我爱你们！
ArS㍿,5,2023-11-06 18:40:32,13,很喜欢这个海报，很平静，平静得不像进击的巨人，平静得不真实。
良辰美景奈何天,1,2023-11-05 08:42:01,18,56分钟后的最终章阿尔敏和艾伦的对话 能把我笑死😆
🪐,5,2025-10-06 22:39:20,9,爱一个人也可以否定他的决定
pure calm,1,2023-11-16 02:27:02,14,我好奇的是，为啥最后艾伦的动机转变为宿命论了，是为了洗白吗？阿尔敏对此的理解也非常突兀。最后半小时完全是谏山创狼狈的自圆其说，记忆消失术都发明出来了。混得个如此犬儒虚无主义的结局，好比花了十年的功夫就画出一个圆，哪怕说成是行为艺术，都属于最平庸的那种
Rose,5,2023-11-06 16:24:03,4,"我是个阴暗冷血的人，所以当我和兵团人一起看艾伦的埋藏的记忆的时候，我又恍惚又心如刀割，难受的是他在发现未来不可改变之后独自表演的日子，他在无人知晓的角落所留下的眼泪，必然比我看整个系列所流的还要多吧，他必然也知道透明的第四堵墙后面有人骂他讽他也有人想要成为他吧？
他怎么可以演技那么好，让我完全接受只能毁灭的绝望(也许这只是因为我想毁灭吧)，再放出那么多飞刀说其实他并不是那样想……
阿妮的新发型不太适合她啊，三笠留回长发就是要继续刀人的吧。
男女对唱的片尾曲真好听啊。

我想这世界上并没有哪个创作者能让我觉得这样的循环有意义。且让我把悲观主义进行到底吧。"
虾米,5,2023-11-25 10:24:08,6,巨人代表了动画界的天花板。且干净利落不留坑，这一点特别难得。它还是一部政治教课书，又比文字更能触动人的心灵。
喝红酒养身体,5,2023-11-05 23:00:36,12,激进左派从吉克身上看见了白井聪的“永续战败论”的可能，右翼从帕拉迪岛的三道城墙看到了和平宪法是如何阉割了岛国假装不存在的国家意志。哲学家从岛内和岛外的对立看到了德国历史主义，革命家从安乐死计划看见了榄吵和对民族主义世界的失望。和平主义者从贾碧和森林的比喻里，看见了丸山真男的“创造主体，才是真正的革命”。姨学家则从始祖尤弥尔的道路里，想起来艾伦·姨格尔的教诲“认知的主要功能不是记忆，而是选择和删除。”而我只知道，三笠成寡妇了，我想每天早上给她挑水。
小青争青争,5,2023-11-29 23:28:23,9,十年终于看完了，2013-2023
赛末,5,2023-11-13 03:10:07,18,"十年期待，终于等到了故事的结局。巨人是一部超脱了动漫范畴的划时代的作品，从宏大严谨的世界观设定到写实的现代战争，从开篇震撼人心的巨人对人类的屠戮到结尾调查兵团和几大巨人协同拯救人类。我们见证了高燃的战争场面、深刻的反战内核，也见证了每一个角色的成长。
当米卡莎为了人类最终下定决心斩杀艾伦，并深情拥吻了艾伦的头颅时，尤弥尔终于明白真正爱一个人会是什么样子，于是她放下了执念，巨人之力就此消失了。
最后兵长在迷雾中看到了曾经并肩作战的伙伴们，他意识到巨人的战争结束了，他将手高举在胸前，那是他曾经为之献出心脏的事业，这次他终于能释然的说出那句话：“看到了吗，这就是你们献出心脏的结局了。”
也许人类的战争还将继续，但和平永远会是大多数人的期许，正如艾伦墓前的那棵树一般，但这一次他已然是象征和平的坐标。"
小小的你,5,2023-11-23 23:22:16,2,日坛DDC。他大喊着自由，却早已沦为自由的奴隶。艾伦的一生是个圈，现实世界的轮回也是个圈，一切都是注定。不论如何，个人认为依旧是十年内最牛的动漫，于银幕观看也算是完美收尾，观完送出掌声。
不败的魔术师,5,2023-11-05 12:55:14,4,2013-2023，十年一瞬如沧海
杜老君,1,2023-11-06 14:29:37,8,一年一度喜剧大赛
momogugu,4,2023-11-05 21:13:41,9,没想到一晃眼竟然就已经10年过去了，离自己初中第一次知道巨人的时候也已经时过境迁很多年了呀。虽然看的时候已经忘掉不少前面说的一些故事细节了，也不知道现在的自己有没有比十年前的自己变得更加自由，但看到那个世界里的艾伦、三笠、阿尔敏、还有调查兵团的大家还是那么坚定着自己的自由意志，就觉得已经足够欣慰了，至少那个世界的大家是自由的。
Nin,5,2023-12-29 20:33:32,3,等着一起看的人终究还是没有等到，但是他也会像阿尔敏一样会对我说 “我会跟你在一起，我们一起犯罪，一起背负罪孽，一起下地狱，我们会一直在一起”，也会像艾伦一样跟我说 “我希望你在我死后忘掉我，好好活下去，但是不行，我不想你忘掉我，我要你一直想我，至少十年”
Lika,5,2023-11-05 08:42:02,9,尝试过无数次，也失望过无数次。无法改变未来的记忆。无论如何都想这么做。“由于罪恶产生的痛苦，由我们两个一起承担。”
卡卡,5,2024-09-23 01:34:43,1,时间线拖太久了，几乎都没有当初看的热血和激情了，甚至很多剧情和人物都不太记得了。论一部伟大的漫画作品是如何被拖成鸡肋的。冲着这打斗特效和10年陪伴的青春，还是打个满分。虽然宣扬着反战，但人性就是如此，不管有没有巨人战争都不会消失。
Pluto&Piaget,4,2023-11-06 06:05:35,3,行动者只行动，而无罪责。只要你发现自己不自由那一刻你就是完全地自由了
夏树,5,2023-11-25 01:48:25,4,质疑谏山创、理解谏山创、成为谏山创。从漫画完结到今天，同样的结局是不是会有更深的感悟。“因为让一个随处可见的蠢蛋得到力量，所以才只能迎接这样子的结局。”动画原创的这句台词太好了。我不认为谏山创是右翼，但他对人性绝对非常悲观。
千寻亿选,4,2023-11-19 09:44:31,1,日本动漫的传统是中二热血少年拯救世界，从幽游白书，EVA，到圣斗士，火影，海贼王莫不如此。既然是中二，既然是热血，既然是拯救世界，当然也可以毁灭世界
流。,4,2023-11-05 17:47:46,3,"剧是好剧，但如果可以，我想对后来者说两个字：快跑。谏山创的价值观有毒，我亦如此，所以不愿让更多人都至此间。
还是那句话，埃尔文团长死不得其所之时，我的巨人之旅就已经终结了。"
简草,5,2024-09-12 21:34:20,4,艾伦：没想到吧，我也是中间派。
不摆臭脸的小杜,4,2023-11-08 02:26:45,4,这个结局比漫画好
影娱盘点君,5,2023-11-09 06:35:09,11,完结撒花，一部人类文明简史，一首勇气与自由的史诗
兔草,5,2023-11-05 20:03:25,7,整体来说还是神作，但实在无法接受这个始祖尤弥尔莫名其妙爱着虐待她的王这个设定。一直觉得进巨最强的地方还是对现实人类社会的映射，看着这越来越混乱的人类世界，不仅感叹人类的历史就是不断地循环。
章婷,5,2024-01-19 19:19:14,11,哭撅了…我只看到了反战。至于其他，你要是看到了就看到呗，不用大喇叭满世界宣扬自己那狭隘的眼光。
蓝河的风儿,5,2023-11-07 23:33:07,2,"光阴飞逝，也算是和谏山创和解了。近来世界上冲突不断炮火不息，人类冤冤相报互相屠戮的行为真的真切可感，结局里湮灭人性的灭世之举似乎变得没那么难理解了起来。古希腊神话般无可抗拒的悲剧命运，人类消弭不了的仇恨与暴力因子，血脉相连的历史与当下——这一切塑就了这个无法被理解、无法被认同的崩裂终局。“彼此之间互相理解这样小小的愿望，都实现不了啊。”是啊，现世似乎，就是这么艰难，就是这么复杂。动画组微调了多处设计，个人还是挺喜欢的，尤其是结尾的那组未来镜头更加有代入感了，相当封神。

还是那句，山形依旧枕寒流。"
兔圆河小学生,5,2023-11-07 01:54:25,13,爱不会是一切问题的因果与答案 所以mappa也没必要大救 如此行云流水的呈现足以见得对这十年的尊重 还是那个观点 除了进击的巨人 不会再有任何一部动漫作品 可以用“史诗”来形容 再见了 艾伦·耶格尔
八月某的月光,4,2023-11-05 16:21:25,8,真是凑得惊天地泣鬼神……对马趴的恨。。。永不停息。。。。。。。
iokyk,5,2023-11-05 21:39:31,21,谏山创就差把反战纹脑门上了，是怎么有人解读成反战败的？
阿sin,5,2023-11-09 03:10:53,9,我们期待艾主席做出一个伟大的精密计划，期待他踏平一切，用毁灭带来自由。但艾伦至死都只是一个莽撞但被迫背负太多的少年人，这才是真实的他。只要有人，就会有战争，不要怪他了。T_T 心臓を捧げよ! || 三笠手起刀落太丝滑了，我还期待着能有最后的告别.. 抱着喜欢的人的头颅可太..
Kintsugi,4,2023-11-05 22:09:54,8,艾明海边名场面越看越魔性谁懂……“自由的奴隶”“不对 我是想要铲平大地 我是想看到这个景色”“我也不知道 就只是无论如何都想那么做”让人心神惧震的庞大虚无……“谢谢你”“我们一起承担”“等下一次见面时”“我先去地狱等你”“我们会永远在一起”之后抱着艾伦的头颅失声痛哭 “我是杀掉'进击的巨人'艾伦耶格尔的人”……好嗑到晕厥……
脆弱社畜晴阳阳,2,2024-02-03 18:08:02,2,漫画喂的💩重来一遍，还是想把谏山创头拧下来！自己说的挺好，一个八嘎突然获得巨大力量就会走向这样的结局。但真的不理解这么多人抢着要理解原谅怜惜男宝干啥！三天三夜都不够我骂的！完结篇后篇看到今井友文蛮感慨的，十年了啊！谏山创真的对不起动画制作团队！！！
EmberKiss,1,2023-11-05 07:39:45,6,甚至没有想象中精美的史
拾叁,5,2023-11-06 11:13:20,18,十年前☀️一个阳光明媚的下午，坐在学校宿舍床上的我抱着怀疑的态度🤨点开了暴风影音里那个奇怪的番名，一集后伴隨著我惊掉下巴的表情🤷🏻‍♂️开始了长达十年的追番…艾尔迪亚人追寻的自由终究没有结果、人生又有幾多個十年😶
傲娇也是范儿🐱,1,2023-11-21 14:04:10,10,屎上雕花也没用
素手纤纤,5,2023-11-07 16:16:01,4,终于看到了大结局。最后一次喊，为兵长献出心脏！看到战争的轮回真是不胜唏嘘。
美人一笑就拔刀,5,2024-09-15 18:28:59,10,这结局很完美啊 哪怕是极易引起反感的“那种事情不要啊”和“我引导黛娜走向妈妈”也处理得很好 心疼我们艾伦小天使(;_;)最后还是一个人背负了所有罪责(;_;)巨人不是童话故事 但这个结局的确是力所能及之内最童话般的结局了/ 我觉得巨人最了不起的一点或许是直面了复杂 没有简化一切 引起观众/读者的思考 世界是复杂的
别急着跪下啊,5,2025-06-01 02:30:53,8,创山谏值得诺贝尔文学奖
devofi,5,2023-11-14 12:14:16,11,十年了，结尾了。结尾合理，人性就是不断重复，哪有什么解药可言。
完颜穆尔登格,3,2024-12-13 06:26:04,1,被爱情支线气哭，Eren除了一条围巾给过Mikasa什么呀，她想一起生活他不给满足，知道人家爱自己还要逃避，还要发动清洗战争去送命，送命前还先凶她让她难受，再送给她一个一起生活的梦境，自己红白脸都唱了，嘴说忘了自己心里生怕对方忘了自己，不带这么折磨人的，让Mikasa难以忘却孤独终老。连Yumir看见Mikasa都终于觉醒了把这么多年的执念给放下了。从Yumir角度看全剧就是一个斯德哥尔摩患者变成鬼魂之后在人间霍霍了很多年的故事。
刹那。,2,2023-12-10 16:52:54,6,这就是你们献出心脏的结局
😄+💧=😅,3,2023-11-05 20:39:23,10,那种事情不要啊😭三笠找了别的男人什么的，不要啊😭我希望她一辈子都会想着我，我死之后也暂时至少持续十年吧😩
观影旅团,2,2023-11-11 00:36:52,5,怎么说吧，从中学到大学，不知道被骗了多少次，如今真的结尾了，心里有点五味杂陈。一种贴切的形容：我这些年都在通道里呆着，现在才回到现实中来。
稚龙初醒,4,2025-05-02 04:35:32,0,地鸣完结篇
leslie1991,5,2023-11-12 22:50:59,18,太感动了，最后全员拼死一战。最让人难过的是最后的片尾字幕彩蛋，高楼大厦都建起来了，最后还是在战争中被夷为平地。当年这么多人类所经历这么惨烈的牺牲，都白死了。
抠你前列腺,5,2024-03-03 00:42:46,5,比起大决战的群战能有多华丽多奇谋多天兵已经没所谓，就想看这出「谁来阻止艾伦」大戏能怎么圆，没想到是以三笠觉醒(生母弑子)和阿明艾伦和解(人的一体两面，或者说是理性愿意与感性共处)来收尾。80% 这个设计很好，公主这个接锅侠的设计很好，小分队变成和平大使想法还好因为比较期待他们刚立了 flag 就被立刻炸死。现实主义开局，结尾还是回归现实主义，大火收汁，只为一个人间清醒：都得死，谁也别太拿自己当回事，你就是个屁。谏山创这没有什么浪漫主义(不投 jump 是对的，确实八字不合)但也并不虚无主义，就是，对民族，国家和世界的悲观，以及对伙伴，家人，后代，对兄弟和爱人的乐观。至于对自我，也就是艾伦这个角色的设计，我认为谏山创还是写得挺好：「我不知道」，一个傻子获得巨大的能量还能怎么办，烧毁一切再说吧
南洋猪大仙,4,2024-02-13 13:16:23,4,艾伦为了和平做出的牺牲最终被证明都是无用功，这何尝不是作者对人类的嘲讽
北罔,5,2023-11-14 21:59:53,9,不为最后已经丧失了自己躯体的艾伦感到伤心，只为了大家共同的过去而难过。
santawhale,未评分,2023-11-05 10:49:44,7,“我们究竟怎样才能得偿所愿呢”，始祖动机确实很微观，不过谁说造成巨大动荡的初始动机一定是宏大又正当的呢；配乐没有再真正出新这点太可惜了！动画制作本身还是MAPPA接手后的老样子，叹气，莫要提了；对原剧情最大不满仍然是虫出现太晚，在这么后期突然引入一个外力来解释一切有点苍白（宏大叙事来得太突兀了），并且和作者的地狱喜剧画法对冲达到了极致小丑效果……个人观感最好的动画篇章仍然是第三季后半，那时的作画质量和剧情节奏、角色塑造、甚至每集片尾曲的演出效果都达到这部作品的最优了（我也是在那个时期才真的开始喜欢这部动画）；不过动画化十年了，这之间也确实没有对原作产生过厌倦，生机勃勃的末世感做得真好；翻到最后一页的时候其实已经无所谓了，在制造缺憾这一点上他毫无疑问太成功了；累了，让自由的伦子哥早点睡吧。
滑溜小姐,5,2023-11-05 18:01:55,16,一边是越战后规模越来越大的反战散步，一边是傻逼小孩得到巨大权利走向终结的故事收尾，你看那最后的段落，现实得令人窒息。
晚安好运©️,5,2024-07-07 11:57:06,3,宿命轮回，阿克曼们都亲手结束了耶格尔们
小礼歌,4,2023-11-05 21:45:12,3,唯一唯一的遗憾，就是从第四季起更换为这家叫马趴MAPPA的制作公司！
黑阳,5,2023-11-05 23:21:10,38,希斯特莉亚：那场被称为“天地之战”的战斗已经过去三年，数不胜数的生命消逝，而幸存之人，也一定备受无法治愈的伤痛折磨，破败的世界所担忧之事也成为现实，艾尔迪亚国在耶格尔派的统治下组建军队，实力与日俱增。由于惧怕海那边幸存人类的报复，岛上的人团结一致，发出呼声：胜则生，败则死，不战斗则无胜利！战斗吧，战斗吧，即使巨人消失，纷争也永远不会消失，艾伦将他所知晓的未来全部告诉了我，即使无法看到那之后的未来，我也鲜明地看到了纷争不断的未来，这样的结果，一定并不仅仅是艾伦的选择，我们的选择带来的结果，便是这样的世界。我们必须战斗，为了不再继续战斗，即使要再次迎来与安宁无缘的生活，虽然这并非他期望我们过上的人生，但不论他是否期望，我们都接下了重担，去决定如何度过剩余的安宁，在这个，没有巨人的世界上。
AL288-1,5,2023-11-05 22:11:22,6,在残酷又美丽的世界里，决定人生意义大小的，不是外界凝视，而在于主体经验，主体选择。人真正的职责只有一个：找到自我，找到自己选择的命运——无论是扮演英雄或是屠夫，这些都有意义。这是存在主义的哲学观。“人生意义为何”这个问题着实无趣，它不会有正面的答案，即使是经过长久怀疑而最终找到答案的某些人——艾伦、阿尔敏、尤弥尔，他们也无法讲清这个意义所在。最强大的始祖巨人也会困于抉择，最自由的进击巨人也无法做出完满博弈。论心论迹，艾伦坚定地完成了自己选择的道路——把巨人驱逐出去，一个不留——包括自己。去选择、去生活、去“献出心脏”、去“塔塔开”，透过行动实现自我，世界并无意义所以人有创造个人意义的自由。
momo,5,2023-11-13 22:12:25,11,我哭死😢我的十七岁到二十七岁 完结了
陆钓雪de飘飘,4,2024-12-03 02:27:34,9,在一集都没看之前，就经久不衰地看到各地各处说巨人崩了、烂尾了，在从头看到尾的过程中，我一直好奇怎样崩呢，是地鸣后回头炸了艾尔迪亚岛？是在艾尔迪亚岛重新建立巨人王国亦或艾伦自立为王？结果完全符合逻辑地走到了结尾，连令人烦死的三笠都“抱头”痛哭收获洗白，这结局不是虚无主义的悲观，这就是颂赞生命的意义。
暗地妖娆,5,2023-11-05 14:24:59,2,再次向神作致敬！精准总结甚至预言了这犬牙交错的仇恨导致的战争是如何延续至今的，只要保持着对权力的迷恋，对党同伐异的狂热，它便永无休止。
Cy酱,5,2024-11-11 21:42:49,9,没想到能感受到绝望带来的虚无主义，为所有女性角色加一星
文元橘白,5,2023-11-05 10:43:15,17,动画里新增的艾伦和阿尔敏的那段对话真的太重要了，让我对139的观感提升了不止一个档次😭
罗曼范特西,5,2025-03-26 12:13:14,7,我们一直说巨人烂尾，其实只是巨人没有朝我们期望的方向发展罢了。我们以为艾伦一定在憋大招，等待后续的反转，可事实却是艾伦从始至终都只是个普通人，没有天才的头脑也没有超凡的战力，面对艾尔迪亚的死局他也只能硬着头皮去充当历史的罪人。要怪就只能怪前面艾伦太装化身谜语人把我们都蒙在鼓里面，让我们对结局充满期待。这不是烂俗的结局，这只是无奈的现实罢了。不过即使是这样的一个结局，我也会毫不犹豫的打出5星，毕竟我也曾为巨人献出过心脏。
马里奥,1,2023-11-05 12:48:25,15,什麼狗屎結局，雖然知道結局可能會不好但是我沒想到能夠這麼狗屎，淦，愛你愛爹愛，果真是不要對東亞文化下的順直男抱有太大希望，去死吧，還不如人類全死光把地球還給其他生物🤮🤮🤮🤮🤮🤮🤮🤮
水水,4,2024-02-06 12:53:19,0,结尾有点，有点
Eco,4,2023-11-06 08:53:09,3,为什么我的眼里常含泪水，因为我对这片土地爱的深沉。
陆小鸟,5,2023-11-08 17:17:01,2,大概是被巨人粉的大呼小叫带偏了，当初看漫画结局的时候都是先入为主的。这个结局明明很好，更好的可能性不大。
Enrika,5,2023-11-05 19:14:55,2,qwq赚足了泪水啊，看完漫画时候感觉都麻木了，艾伦有点ooc，看完动画发现也没有改变多少，结局部分还曾加了一些漫画没有的遐想，总的来说，战争就是一直存在的
邱小明,5,2023-11-07 16:15:58,2,人类的争斗不会停止，就像那些说是反战败的人，看完依然还会说这是反战败作品
fallingraining,4,2023-11-28 15:44:25,2,人类从历史中吸取的唯一教训就是从来不吸取任何教训。
老罗Lazzaro,4,2023-11-13 22:24:46,0,同仇敌忾，对抗艾伦地鸣地狱。阿尔明VS吉克，道路之哲学唤醒。被未来命运束缚的艾伦，无法改变的屠戮。虽然平淡的终结，但孤零零的三笠可真虐啊。讽刺的片尾ED，即便有先人美好的反战愿景，但人类的战争永远不止。
ʏɪɪɪʀ,5,2023-11-09 18:04:33,6,那个叫艾伦小天使，和基友们一起讨论可公开的情报的夏天好像就在昨天。虽然被喷烂尾喷了两年，但是对于自己真的还是挺喜欢它的，也感谢留了那么多喜欢的曲子。
离开的云天明,5,2023-11-08 21:11:42,3,最后的结局可以无缝衔接汪汪队
^_^,4,2024-10-05 15:47:09,4,尤弥尔太抽象了，巨人之力的存在竟是因为两千年未能治愈抖m恋爱脑，这个脑残设定我真的很想骂谏山创祖宗十八代。另外幸好有地鸣屠杀的剧情，不然背负一切的结局也用烂了。最后不知道蚂蚁会不会向进击的人类复仇。
FAVOR,1,2023-11-24 00:20:58,19,再烂的结局，岁月史书都能变成“神作”
某J。624,5,2025-02-19 22:45:10,3,在混乱又显得时不时难以自洽的完结篇前奏后，至少动画巨人迎来了无愧于这部作品前期塑造的结局；先去地狱的艾伦与在人间继续挣扎的阿尔敏都改变不了也阻止不了人类的悲剧周而复始，可“献出心脏”的调查军团自由羽翼贯彻始终——在绝望中无数无数次痛苦挣扎。从头到尾眼中都只有艾伦仿佛毫无自我意识的三笠原来都只是为了结尾这一刀跟一吻，爱无须盲目也无关支配。P.s.送走当年的所有同伴、没有换过装备、用生命践行最后誓约的利威尔，我一直不明白为什么谏山创宁愿毁了他也不肯赐他死亡，直到利威尔重新“见”到大家——“我无数次想要一死了之……但是利威尔，你看到了吗，逝去的战友们还在注视着我们，想知道自己献出的心脏究竟怎么样了”——理想守护者以及生命至上者的他替他们见证一切。
ygrdcd,5,2023-11-07 17:19:22,9,一直忍着没看任何漫画透，看完最终集，还是没懂大家当初网上为什么那么激动，就像是tlou2一样，大约的确是老了吧。结尾的续帧部分，千年之地变繁华都市，配合战机火箭弹阵列，不禁想到当下的哈以冲突，人类的战争永无停歇。
Panda的影音,4,2023-11-13 23:39:17,3,那场被称为「天地之战」的战斗已经过去三年，数不胜数的生命消逝，而幸存之人也一定备受无法治愈的伤痛折磨。破败的世界所担忧之事 也成为现实。艾尔迪亚国在耶格尔派的统治下组建军队，实力与日俱增。由于惧怕海那边幸存人类的报复，岛上的人团结一致 发出呼声：胜则生，败则死，不战斗则无胜利。战斗吧！战斗吧！　即使巨人消失，纷争也永远不会消失。艾伦将他所知晓的未来全部告诉了我。即使无法看到那之后的未来，我也鲜明地看到了这纷争不断的未来。这样的结果 一定并不仅仅是源于艾伦的选择，我们的选择带来的结果 便是这样的世界。我们必须战斗，为了不再继续战斗，即使要再次迎来与安宁无缘的生活。　虽然这并非他期望我们过上的人生，但不论他是否期望，我们都接下了重担，去决定如何度过剩余的安宁。在这个…没有巨人的世界上。-希斯特莉亚
渡边,4,2023-11-09 08:39:56,10,在向死的虚无中，只能不断地接丢球，但仍值得活下去，well，只是觉得团长的心脏不值得。
桐原健三kenzo,5,2023-11-05 22:11:25,4,从第一季开始追番已经过去十年了 巨人的落幕也是我青春的落幕 完结撒花 皮克也太可爱了吧！各种巨人大乱战 会飞的颚巨 阿尔敏又被吃了似曾相识啊 吉克变哲学家了 兵长终于杀了吉克 阿尔敏牌超巨核弹 全变成无垢巨人了 三笠斩首艾伦又kiss太虐了 实力演绎“抱头痛哭” 这就是你们献出心脏的结局了-巨人这回真的消失了 但是战争依旧存在 最后的一人一狗是什么意思？The end
奶油美丽汤,2,2024-08-27 01:57:01,9,杀掉了地球近八成人类的男人，哭着说出“我不希望三笠有别的男人，我希望她这辈子心里只有我”；拥有毁灭地球力量的一族之母，面对强奸自己、拔掉自己舌头、对自己像猪猡一样的男人，2000年不肯抗争，因为她深深爱着他；谏山创，真有你的，把前面六季辛苦铺拔高的作品高度悉数摧毁，到这恶心得让人把隔夜饭都要吐出来，能不能带着你描绘的爱情滚啊
arlmy,未评分,2023-11-05 11:52:59,0,11.5 就真的不能有其他的结局了吗？突然的完结，然后就抬头望天了。仇恨的循环是不会结束的，即便大众和平的世界，也总是一定会生出混蛋。或者这也是世界本态，人并不能认知到自己的恶。
T.V.Zoe ி,4,2025-10-14 16:48:55,0,结局都是注定好的，三笠好苦。
重铸的钢条,4,2023-11-06 00:34:53,7,我亲吻你死去的头颅，莫名有种王尔德的美…除了始祖的理由过于傻逼外，感觉已经烂尾自适应了….哈哈哈哈，总体瑕不掩瑜，不影响是史诗级动漫。战火终将继续，巨人的诅咒也终将回归。
小杀千渣,1,2023-11-17 22:10:04,15,恶心的小日本
是上田也是山田,5,2023-11-11 03:34:33,4,最后眼睛差点哭肿了，虽然一年前在漫画里就知道了结局，动画也非常忠实原著，但还是看的心潮彭拜，久久不能释怀。一部日漫史上巅峰的作品，我心中的Top1。虽然我很讨厌任何形式的同人，但巨人是唯一一部我希望有平行世界，艾伦和三笠可以平平凡凡的幸福的生活在一起的作品。
世愚,未评分,2023-11-06 18:46:50,4,真尼玛割裂啊。第四章整段就是完全垮掉，莫名其妙的台词莫名其妙的转变。我不知道有什么可以回护的，承认自己喜欢的作品被写崩了很难吗？同样表达面对“自由”真相被戳破的虚无难道没有别的走向了吗？真的是挺搞笑的。最主要的问题是这是艾伦崩了，你得知道所有其它人都是陪衬，而且就在这一部里所有人都是围着他转的，简直就写明了他们都是小丑。
道无涯,3,2024-01-28 02:45:15,17,【B-】还是觉得三笠这个角色写的很烂，经典的“神化”同时也空洞化的女性刻画。至于反战表达，也是用特别肤浅和中二的日式方法呈现。终归需要大场面和煽情来构建最终的高潮。
收敛,3,2023-11-05 18:36:24,3,完结了总评一下吧，其实巨人这动画，按照前期节奏，做成一个稍微带点悬念带点深度的战斗番就足够了，结果作者没有意识到自己的能力有限，画崩了，输出一堆完全经不起推敲的人物逻辑和价值观，还有大量的迷惑剧情，所以才搞成了这个烂摊子。可能作者最后自己也有自知之明了吧，通过主角们的口中说出，“啊其实一切都是爱”、“我其实也不知道为什么故事变成这样但就是变成这样了”，能看出来他是想赶紧结束掉这个作品解脱了，作为我，确实也是同样的感觉。至于结局其实还好，多亏了漫画加页，动画又描写的稍微多了一点，没有139话那种戛然而止那么烂，最后这个科技高度发展又被炸毁然后后启示录留下个循环的结局多少算个交待了。
響子,5,2023-11-05 15:00:58,2,一路走好，艾伦！
黄悦_,5,2023-11-14 22:55:31,3,五星！最后喂了一嘴狗粮 始祖尤弥尔原来爱了弗利兹王2000年 那么 只要戴上了那条围巾 无论天崩地裂 三笠还是会爱着艾伦 以爱止战的结局太美了！记住 无论何种形式 无论再怎么悲 打斗再怎么龙飞凤舞 关于阿尔敏矛盾的人类存亡是该如何“死”的“大爱”思想再怎么恢宏 巨人的宗旨始终永远是团结、反战和爱 这点很让重要。虚虚实实再加之错乱时空 因为逻辑对了世界观立得住 拍摄方式便显得高级又深邃 打斗也真是好看 莱纳抱住那条虫 皮克不断变身奋斗 兵长和大家怀着一往无前的决心战斗 还有三笠对艾伦那份要杀死他的爱 都很燃很感人。我想 我三十多岁人有生之年能看到这么优秀的动漫 我能吹它好几十年！
tata,4,2023-11-09 23:01:56,3,进击的巨人，作死的人类
Rsld呼吸进行时,4,2023-11-05 10:39:03,13,看完了，BGM杀疯，听上去是泽野的，几乎不记得漫画细节了，就对大致情节有个印象，看完后没有感受到和pluto一样，存在什么多一点儿的希望之类，还是比较像lelouch，就一个故事的结束，人还在继续做这儿做那儿的，争斗不断，单后篇要有主题，像是不要恋爱脑和回归自然。对巨的感情不是那么深，中途情绪有起伏，看完就平静了，做挺好的。
差不多查理,5,2023-11-06 13:48:23,8,再见了，追逐自由的少年。十年了，艾伦，感谢你的故事，它是送给我们每个人的红色围巾。
解压,5,2023-11-08 12:43:25,2,最终还是跟马趴和解了。是非毁誉俱是过往云烟，无论捧上神坛抑或万夫诘难，十年间大起大落终于带着难以言叙的如潮爱恨尘埃落定。梶裕贵日前那则推文更教人慨叹无限，不知他为艾伦这个角色流下过多少泪水。以及这个世界果然不能没有今井有文啊！兵长自从落到马趴手里唯一作画没崩的一季，也算弥补了些许遗憾
莽原,3,2023-11-05 21:15:20,0,おわり。
MADAO,5,2024-01-20 14:22:43,7,向永远追求理解未知事物的调查兵团致以最高的敬意！
囍弗斯,4,2025-04-03 21:48:47,1,最后一章纯属多余。
米酸奶,5,2023-11-19 15:05:19,5,"“天气挺不错的嘛。要是能早点这么想就好了。”
这一系列哭了好多次了，刚看到这句又忍不住哭。悲剧的最后能死在爱的人手里，眼睛最后一次映出对方的脸，作为观众到最后也没什么执念了。好好活着吧，大家。
231123 又看了几遍结尾，我理想中的人和人之间最亲密的状态是艾伦和阿尔敏，有共同愿景，愿意共同背负命运，也能为了各自的立场争执战斗，不以伤害为目的说出真相，在对方下坠时紧紧抓住，毫不犹豫地相信对方，同时做好兜底的准备，为对方奉献、挺身而出，能一起笑，也能在对方面前哭，为对方开心和伤心都很纯粹。
231125 韩吉是个好神奇的人，她是怎么做到爱同伴又爱巨人的，始终怀着热忱面对世界，好了不起"
王仙客,5,2023-11-06 15:48:35,3,到最后，艾伦就是自己宿命里的一个囚徒，战争往复循环无法阻止，无法改变还要痛苦的照着注定的悲剧一直前进下去，这就是进击的巨人的宿命吧
yamamaya,未评分,2023-11-06 10:04:52,1,打不下分，也没法去看，漫画最终几话的刺激体验历历在目，地鸣篇开始时已经有预感会拉票大的，但没想到实际上会打脸读者到那个程度，过去十年最红的网右漫画，也是日漫网右化，日本流行文化网右化的一个显眼坐标。所有的巨人情节，对我而言，在S3的时候就已经结束了，终结之际一望无垠的大海，听到艾伦那句话后，阿明手上掉落的贝壳，那一幕结束，就是最完美的。
rune1121,5,2023-11-06 21:19:37,4,人类好像改变了什么，其实什么都没改变。。。。仇恨螺旋无法避免，放在现在的世界，更加讽刺。。。不过艾伦已经尽力了，让我来，我肯定没有更好办法，最好就是别让我选。。。如果你说最后还不是毁灭，请问这世界上真有永保和平的办法？
欲圣,5,2023-11-07 02:35:35,2,艾伦啊
春日迟,4,2023-12-28 03:36:29,1,豆瓣标记的第1000部作品，送给《进巨》。我想在很长的时间里大众关于这部作品的讨论都不会停止，无论是喜欢它的、厌恶它的或是从热爱到憎恨的。从2013年被它惊艳到的秋天开始，直到现在处于异国他乡的我已经成长为一个大人，我也很难为这部作品的结尾给出一个自己满意的简短评价。想了又想，我只能很中庸地说，目前的结局是这部作品必然的结局，注定会刺痛很多人，因为作者本人就是解构及虚无的。同时，谏山创本可以用更长的篇幅、更详细的展开去缓解这种阵痛，给读者一个更好的交代，但他没有，只能说是一种遗憾。因此完结篇扣一星，但部妨碍我对整部作品的喜爱。
屹青,5,2023-11-06 03:58:43,2,从「追逐自由」到「路上小心」，一切始于那棵山丘树下，也终于树下，艾伦，谢谢你带来这段故事「谢谢你替我系上围巾」，一路走好，致两千年···或是···两万年后的你······
Caraxes,4,2023-11-05 23:28:13,1,好好好，结束赖
欧依熙,4,2023-11-21 21:12:00,0,“因为让一个随处可见的笨蛋得到力量，所以只能迎接这样子的结局”——行吧，跟谏山创和解了。
KAZOO74,1,2023-11-05 04:50:18,7,狗屎还动画化，扎不多得勒
逢考必过,5,2023-11-22 23:16:53,2,十年
相濡以沫,4,2024-10-14 15:12:57,2,唯一打四星的一部，结局确实有点配不上前面高能的剧情。
私～川流,3,2024-07-09 18:09:39,0,看不懂了。
[未注销],4,2025-05-04 23:54:00,0,可怕。自圆其说的感觉又回来了。上次出现大概是第三季。
ruii,5,2023-11-13 20:13:09,1,十年啦，终于完结了。人类的争斗永无止尽。
余小岛,4,2023-11-07 09:57:15,3,这就是献出心脏得到的结果，不完美，但也无能为力了。
草木秋山,4,2024-01-19 03:49:13,2,我觉得阿明所期望的『人与人相互理解的时代』永远不会到来，别的不说，看看评论区就知道了。除非达成某种飞升，实现eva补完或者进化成意识共同体什么的，否则纷争就是人类的生物特性，战斗，轮回，每个人拼尽一切最终却都是白费和徒劳，但或许，正如这部动漫的观感，那正是人类最迷人的地方吧……
ZeonGin Sou,5,2023-11-09 23:07:12,3,在故事的最后，艾伦成为了全世界唯一的反派。他以一己之力，让全人类成为了命运共同体。地鸣背后，是以致命之力强逼他们团结——那一刻，终于统一了立场。同时，他看到的未来，会有自己信任的战友成为拯救世界的一方。只是，算错了死亡生灵的大占比。这样的牺牲，是否值得，只有未来可以评判。战火从来是轮回，光与影终究照进现实。人类最大的敌人，就是自己。
一只金鱼姬,5,2023-11-05 14:42:54,8,"看哭，他好爱她。

除了尤弥尔恋爱脑我不能接受之外
没有烂尾没有烂尾没有烂尾
我说一万次没有烂尾

到底哪里烂尾了？艾伦从头到尾的行为逻辑都是一致的。
他就是一个普普通通的笨蛋拥有了力量
他是自由的奴隶他是真正自由的

要扣星也顶多是因为人物作画太丑好吗！

最后阿尔敏不愧是我在全作最喜欢的角色
善良可爱聪明小天使！"
草间赤鼠,5,2023-11-21 23:18:20,1,我能理解打5星和和打1星的，其余的在这装你妈你懂哥呢？
衫弃,3,2023-11-07 08:34:23,1,不得善终
齐木楠子,3,2023-11-06 19:19:43,3,为了兵长看的、所以兵长结局是卖糖人www哎心酸。艾伦你好渣笑死、阿尔敏都要吐槽你了「没想到你会说出这么渣的话」
狗不见🌈,3,2023-11-06 01:02:56,2,忠实原作的走向反而把结局逻辑的荒谬与孱弱放大。片尾帕拉迪岛的连年战火在2023年仿佛也不那么遥远了
豆包,3,2023-12-06 23:29:19,2,艾伦的脑回路绕过头，经典不告诉所有人，默默承受自己作的中二。打斗制作很有诚意，结尾末日小剧场对战争嘲讽拉满。
春群请开心,5,2023-11-25 19:41:23,7,"竟然有一点EVA的感觉，也算是荡气回肠了一回。
但无论如何，人类的战争是不会停止的，对吧？"
雨臣,1,2023-11-05 08:14:02,12,就是烂，巨学长差不多得了
kakakarl,未评分,2023-11-05 22:53:48,3,"巨人竞走，正好十年了……2000年巨人史，都是始祖巨人的恋爱脑，真的是无力吐槽……全部更新完毕，可以好好的连起来看一遍了。"
火山烟圈,3,2023-11-07 02:41:07,2,惊恐得仿佛当年看漫画结局的人不是我，或者我理解到的不是这个结局。不是说历史不可以循环或者不可以砍头，前面铺垫的战争和神话有多有力，末尾给出的理由就有多苍白（甚至是在一种奇怪的节奏与配乐中）。艾伦都号称自己最渴望自由了怎么还想米卡萨为他围一辈子围巾啊？
Knight-Errant,4,2023-11-07 22:07:21,1,就扯那么个故事，包个存在主义，然后灭世悲观一下，前面那么多都是屁
琼岛搓澡师,5,2023-11-06 15:21:40,3,五星给所有人的坚持和对自由的追寻。
苏乏,5,2023-11-28 18:29:39,5,距离上一部堪称不朽的番剧，钢炼，已经20年了，真正留得下来的作品，有这劲头真的太不容易了。我只有一个心愿，希望每一位观众，看到最后一秒，陪着字幕走完，完整看完最后一秒，意思都在那段潦草的尾声里了，搞得我热泪盈眶
r,3,2025-01-16 07:36:29,7,深度没问题，但我只能说始祖爱负离子王真的很砂碧，一看就是顺直 incel 意淫出来的玩意儿。
兔小雪,5,2023-11-08 20:37:14,10,只灭了80%的人类，艾伦还想灭了更多吧，也许只有灭完岛外的人，岛内才会安全。只有死亡才能制止艾伦的脚步，也只有爱情才能让始祖尤弥尔放下一切。吉克自愿让兵长杀死是我想不到的。经过地鸣，普通人类还能跟艾尔迪亚人共同生活，完全不可能呀！片尾曲也揭示了战争会一直存在，最终世界还是摧毁了，少年找到那个树洞，是不是一切又开始循环？我感觉很久很久都不会看到像巨人这样让我震撼和反思许久的动漫番了。永远爱进击的巨人！
咕咕鸡,3,2023-11-25 18:12:58,0,为了有始有终而看。毕竟是大结局，那么多年了，还是有一点点期待。但也没那么期待。还是喜欢他们在岛上，为打败巨人而战时的故事，简单也热血充满勇气和信念。那个时候我和艾伦一样对岸充满了憧憬，可当到了对岸，故事就没那么有意思了。哦，对了，师祖是个恋爱脑，又是个恋爱脑，最近真是越来越讨厌恋爱脑了。恋爱脑只会毁掉好故事，无论之前对么精彩。
林 寶兒,5,2023-11-23 15:11:31,2,最后这段爱情故事是过去至今最感人的一个。
FY7,2,2023-11-05 20:27:46,4,没想到渴望自由的艾伦最后落得这个下场
无远弗届,5,2023-11-05 08:29:38,10,感谢mappa的风光大葬、虽然有些地方作画有点奇怪，不过不太影响整体的观感。巨人的问题是最终抛给观众了一个巨大的问题但却没有一个合适的办法解决，其名为；如何终结仇恨的锁链与战争。当然这不全是jsc的问题，毕竟望望今天的世界，只能说jsc给了一个大多数观众不希望接受的结局。不完美但也尽力了。回顾整部进击的巨人，其情节上的设计，伏笔的铺垫都是教科书级别的
连虎修,5,2023-12-24 16:07:55,1,孩子已被虐哭
tender,5,2023-11-05 01:30:00,15,"婴儿的啼哭，绝望的呐喊，释怀的笑容。
到了结局，我似乎都快忘了故事从哪开始的了
艾伦，恶魔之子，从男主角到大反派。
反叛和平，弑父杀母，灭世屠杀，是毫无疑问的罪人，却也陪伴了大家十年。
最在乎同伴的他被同伴杀死，悲剧的命运早已注定。
而我们只能对他说：
一路走好，艾伦"
μ子,未评分,2023-11-11 01:17:35,3,前面五十分钟还挺“正常”的，视角比较远，但推到人身上，即使又改了剧情还是好硬哈哈哈哈哈哈。虽然救世超严肃的，比如你做了老子超强的觉悟，高高跃起准备大显身手，还出现了一对神话般的翅膀正好在你身后，结果是你挡了大鸟的路。寻找衔尾蛇的头，会导致疯狂，但哭着说想女的给你守寡十年这种丢脸的话，就是本来就是这样的人。間抜けてもいいんだ。力量交到傻瓜手里的结局，联想现实世界实在是笑不出来，只是好喜欢在荒谬里面战斗和互相支撑的人。那句“谁叫我们是调查兵团呢”应该把莱纳的精神病都治好了吧我哭
梦里寻fa,1,2024-01-07 03:29:46,9,老师以后这种剧集我家李歪就不参加了
andarta,3,2023-11-06 04:15:23,1,结尾过字幕时小窗口的动画让我想起文明这个游戏～
不捕飛不捕,5,2024-01-06 02:53:50,3,谏山创真的有明确的观点吗？他面对残酷世界自己也混沌不清，因此作用在角色上，大家都是处理不好的笨蛋，很多细节也没有得到更好的补充。但根本不用有普通动画作品剧情走向的期待…你们想要怎样的结局呢？所谓”谈一谈”也并不是谏山创的给的解决办法，角色的选择和行为都只是现实历史中出现的可能性。最后什么都会重演，任何可能性都指向悲伤。但是有下一次轮回，还是要去做的，不能说没有意义，人类的闪光就是一次次重蹈覆辙还要尝试。不要停止走出森林，这就是他看到的..
八弦,5,2023-11-30 21:18:25,7,我不入地狱 谁入地狱
最伤今,5,2025-03-23 20:05:14,2,战斗还是一如既往的磨矶，也不知道主角双方在打个啥，不过后半段的自白还挺有感觉
黑眼圈刺身🧂,5,2023-11-06 10:48:53,6,看到从巨人向真实的平常的人的一次回归，不仅仅是一个完结，是雄伟的英雄幻想向虚无主义“真相”的一种坍缩，一场代价有些沉重的清醒，一个我们其实早就知道却一直不愿意承认的答案。
momo,5,2023-11-05 05:18:39,5,いってらっしゃい、エレン。
Jin,4,2024-01-07 03:18:13,2,"哲学层面上对结局很不满意，毕竟吉克和艾伦基本是某种反出生主义的动漫化身（尽管是残忍的并且最后也无法自洽的化身）。阿尔敏和杰克的那段互动得出的结论本身就是恐惧管理的一种，所以我只能摊手。当然老实说情感上我也是不甘心的（petty, I know）因为这个本就崇尚繁殖的世界真的不需要再听到类似的讯息，就跟艾伦的 tatakae 一样令人疲惫。撇开这一层面其他都是没有太多可抱怨的，动作场面和配乐都是顶级。"
迷失东京,3,2023-11-05 21:43:58,0,太太太拉了这个结局！天崩地裂……巨人最牛逼的地方就是无论从哪个角度理解都能自洽，这个结局一出怎么自洽？什么都要提一嘴最后的结果就是什么都解释不了。
淡如水azq,2,2024-01-09 14:57:32,4,延续了两千年的罪恶背后是被PUA到精神疾病的恋爱脑？？？ 还说不是烂尾？ 嘴上一直说自由，根本定义不了自由。什么别无选择，如果最后是尤弥尔想要解脱的自由意志，那就让她消逝了不久解决了？巨人之力不就消失了？没有了巨人之力隔阂和仇恨自然会随着时间消逝啊？？
冬牧,3,2023-11-17 09:40:22,3,艾伦和阿尔敏的对话，他们设计的结局是多么中二，两人都在自我感动，作者谏山创也在自我感动，他没有能力和高度画出与故事本身匹配的结局，归根到底还是日漫普遍的中二和自以为是，青少年思维。
lara,3,2023-12-06 22:56:40,1,只能说，烂尾名副其实，道歉你值得。
兰木清,5,2024-05-15 23:41:15,3,补完了结局，充满着悲剧色彩现实意义，特别是在现在巴以冲突、俄乌战争的背景下，有人的地方就纷争，世界总是破破烂烂的需要不停的修补。主角团们抱着必死的决心去阻止扩张，这是谏山创表达反战的心。艾伦最在乎的还是朋友们，三笠能不能放下艾伦好好生活啊！以战争为结尾就是最好的结局了，特别讽刺真实世界，人类就是愚蠢的，快点把世界让给其他动物们吧。
Stiles,3,2023-11-06 13:36:19,1,平平淡淡才是真
雾鸟,4,2023-11-05 05:33:21,6,纠结了好一阵打了四星，也算是给这么久的连载一个交代。本来看完漫画被创之后不想看动画的（加之MAPPA这个作画我真的不能接受！）从第三季开始几乎所有人都在矛盾左右两侧反复横跳，可能这就是人类永恒的处境吧（叹气），最始终如一的反而是韩吉利威尔等前代调查兵团（话说谏山创你让兵长活着还不如让他死了）。极端的善良成为懦弱，极端的自由造成毁灭，我们难以分辨对错，而这或许就是罪孽的祸首。
我好苏啊,5,2024-07-01 11:30:50,1,艾伦最后还是我印象里的那个笨蛋，其实除了幸运值拉满的极端红毛，我不讨厌任何一个人，三笠最后有了自己的家庭也是很好的一笔，类似泰坦尼克里rose，继续走下去吧留下自由的足迹。战争不会停止的Never Ever
尤野,5,2023-11-05 13:25:23,2,"安息吧，艾伦。
虽然你所期待的世界并没有到来。"
枳染,3,2023-11-07 21:17:12,0,结尾，但只是为了结尾，正片结尾还不如彩蛋结尾，一个小男孩野外探险找到了巨人之树，然后...
Johnny Fung,5,2023-11-09 00:16:57,4,艾伦和阿尔敏的对话交代了自由意志不存在的设定，无论艾伦怎么做都无法改变客观现实。所以他和片尾的那棵大树一样，只能静静的看着这个人世界的兴衰成败。三笠砍下艾伦的头也是一样，什么都无法改变，但我们的认知是可以改变的，民族、国家、邪恶、正义、仇恨、爱，这些词汇的概念并不空洞乏味，而是需要我们真正的理解。
花岛仙藏,4,2023-11-06 16:34:33,1,兵长再次贡献名场面……暁の鎮魂歌再次响起的时候，要流眼泪了。大结局后的结局超级好评。
骚棒持有人,4,2024-01-04 13:44:37,0,4.5。我觉得我已经看不懂了，但是还是能感受到作品本身的能量。吉克在道路里面给的答案很古典基督教，关系，是人与人之间的关系而不是意义让我们觉得人生不虚此行，这是一个左派革命青年在人生最后阶段对于古典右派的回归啊，结尾所有人都回归亲友了。另外一个感受是，敌人果然是和你最像的人，所以最后双方主角团干脆合流了。
亲爱的猥琐猪,4,2023-11-05 22:58:33,3,真是奇妙得无趣，灵感取自北欧神话的这个漫长的故事，最终又会变成别的现实的寓言。就好像自十年前第一话的那份对自由的渴望开始，到最终看见未来的回忆而意识到自由意志幻影的、艾伦选择的结局。这十年，在所有热门和热议的漫改里，巨人确实算出圈且呈现出史诗感的故事了，动画制作组也确实拼尽全力再现甚至超越了原作。虽然结局争议很大，但现实可能更狗血，或至少没有那么多的安排和仪式（正如我也不过是随意选择了一个平平无奇的周末夜晚，匆匆结束这段横跨十年的旅途），所以也无可厚非吧。只是现在去漫展，很少看到身披自由之翼斗篷的Coser了。
冥王星（Ojas）,4,2023-11-05 15:33:01,0,巨人之后不再有。看现在日本大多数动画的鬼样子，只能指望女性动漫从业者们出佳作了。地鸣让所有人灭绝是好结局。得亏日本人能拍完，这要是美国人早都跳票砍了（看看他们整死多少好剧 BBC和他们合作都没有好结果）。三笠永远独美。利威尔。就这样。团长画得确实丑了。我想到一些触手人外，真的可以整同人（我不对劲）。怅然若失，电子失恋不过如此，想想很多追很久的完结都这样。和看第一季时心境变很多
魏知超,5,2023-11-07 19:51:09,3,三生有幸。
日光阑迫奏雾角,2,2024-08-10 10:39:40,3,立得越复杂，越无聊，暴露jsc笔力不足的事实又想逞强，跟艾伦一个样子
影启缘末,5,2023-11-16 14:22:59,1,哪里烂尾了？啊？！！！
Gore赞,5,2023-11-29 07:02:40,1,头安回去把剩下两成也踩了吧，因为我也好想再次见到你
思路乐,3,2025-09-01 15:46:08,2,【C+】重看补标，感叹漫画和动画在对待观众心态的两种极端：前者精心策划十余年，草蛇灰线制造宏伟假象，布局到最后只用一话彻底扭转风评，并将之前「旁观者」「白夜」「宣战公告」等一众神回的珍贵观感尽数反转成对读者付出感动的嘲笑。后者却像是笨拙的安抚，纵使MAPPA最开始接手时因工期审美等种种原因导致不间断的质量瑕疵，待磨合期过渐入佳境，僵硬的工业贴图谏山线依旧是无法忽视的遗憾，但今井有文和Linked Horizon在完结篇的最后一舞却又是制作组的回答，在形式和内容上对观众和自己这十年所付出的时间成本报以真心。就像漫画中艾伦说出八成人类的代价，只有一小块阿尔敏惊骇的分镜作为回应，动画则用井上麻里奈那感染力极强的哀嚎将其否定，至少他们清楚创作者描绘的这一代价背后暴露的无能与丑恶。
银色白日梦,5,2023-11-05 21:16:39,6,整整十年，我们每个人亲自开启的这个故事属于迎来了它的结尾。我曾经被它无数次的震撼过，也在很难过的时候被它所安慰、和那些人物产生共鸣，它曾在我心里占据了很重要的位置，只是现在早就已经不再了——因为人都会慢慢长大，但我笃定，如今我看待世界看待别人的方式一定有很多地方是被它所影响。对我来说它永远存在于从我青少年时代直到长大成人的那个时期，也终于轮到我和它也和我自己的一部分说一声：谢谢你，再见。
Richard,未评分,2025-11-04 21:00:47,0,251104 天地之战的内核，咋看咋像瓦尔加布在毁灭世界中然后主角小分队拯救世界的老脚本  23-11-26 文字省流版
TokZo,5,2023-11-08 23:33:06,9,可是 对于无解的现实命题 直面远胜于留白
咖啡只喝速溶,5,2023-11-06 07:30:40,2,终于完结了！
碧花生,5,2023-11-06 22:10:43,1,「アルミン，你说得没错，我就是自由的奴隶。」「即使巨人消失，纷争也永远不断。」在无从变改的时间洪流中任性一次。
LADarwinci,5,2023-11-06 01:53:40,1,さようなら、皆さん
小鳥遊 ひかり,5,2023-11-05 12:12:07,3,你自己看看这个片名合适吗（bushi）
Ts'all Goodman,3,2023-11-08 14:42:52,1,还行不至于烂尾，但对于这个系列来说，结局乏善可陈
含章可贞,4,2023-12-11 22:41:01,0,说不行吧，还行。说行吧，也就那样。
WilliamOsborne,4,2023-11-05 12:20:43,0,完结撒花吧。
徐eating,5,2023-12-22 00:30:00,3,"等不来b站更新，还是赶在2023年结束前看完。从漫画完结众人高呼“烂尾”到今天的动画完结，历经许多，我没有觉得烂尾。可能是因为恰好在这个年龄，明白了这就是现实世界会发生的故事：活着从来不自由，战争不会因为巨人之力的消失而消失，人类只会周而复始的斗争。
艾伦那一句“因为让一个随处可见的蠢蛋得到力量，所以只能迎接这样的结局”落在他的选择上，也算合理。也许你我每个困境当下的选择，回过头看都会发现自己是个没什么智慧又从没在历史上学到长进的蠢蛋。
而调查兵团的态度已经是谏山创给出关于反战最有力的立场了，只是他看待人的劣根性及宿命论实在悲观，无论艾伦怎么选，永远会有人走进树洞，开启新的一轮循环，不休止。
最后的最后，我还是要为我的团兵喊一句：我真的很为你们心碎🥲感谢马趴，感谢你们很尽力地画上这个句号"
何欧点益,1,2023-12-03 20:24:29,6,原来尤弥尔有斯德哥尔摩综合征才引发了后面的一堆破事，艾伦结局拿的是几十年前有个叫鲁鲁修的叛逆少年的剧本，主角鲁鲁修/艾伦拉所有仇恨到身上，再由好友朱雀/三笠完结，结尾cc在马车上呼唤鲁鲁修，三笠在树下呼唤艾伦，不过鲁鲁修剧本开创性，你复刻第二遍就没意思了，没想到三大美食番里寄生兽人气最低，剧本完成度和立意却是最高的
如意萬重,4,2023-11-05 17:56:15,8,"进击的巨人终于完结，谏山创有意通过一个故事，讲述民族仇恨和战争的复杂，但是如此庞大的命题他并未完成得很好，反而将应该复杂的内容过度简单化，将本来简单的内容绕弯子搞复杂了，比较遗憾。
但是作为一个漫画家，从23岁开始创作一部漫画，在没有时间仔细研究提高自己历史和相关知识的情况下，把一个故事讲述到这个程度，已经很不容易。所以没必要对他过度苛责，他只是好不容易讲完一个自己把握不住的故事罢了。"
太阳的倒影,3,2023-11-14 00:12:11,2,最终季和前三季比起来，确实存在一定的割裂感。无论这个割裂感的原因是叙事结构带来的，还是作者自己的能力或诉求带来的，还是归咎于连载制度，我都无法否认，特别是前三季的叙事，节奏，史诗感，之于少年漫画，就像在一堆地摊文学里放入了一本悲惨世界。
秋熙,5,2024-06-22 17:06:30,2,80%被踩死的人才呼吁世界和平和happy ending，在强权（强力）看来，只有奴役与被奴役，他们会倾听80%的呼声吗？轮回罢了。守护身边人，才是80%唯一能做且能做好的事。况且民族英雄和救世主的身份互斥，除非这世界没有差异。
nomad,5,2023-11-09 00:39:54,4,2013-2023史诗最终章。                                                  一个正在变坏的时代，确实是蠢货掌握了权力。
流星之箭,4,2023-11-05 17:02:40,6,众所周知，《罪与罚》的结局是索妮娅削了拉斯柯尔尼科夫的头，再给他献上莎乐美之吻。
Zimmer,1,2024-01-07 21:05:20,10,"真的是屎，艾尔迪亚人一直被压迫，而现在有人去起义反抗了，反而救世小组作为艾尔迪亚人居然作为反抗起义军？为什么啊？一个奴隶为什么会深爱着一个迫害他的奴隶主啊？还爱了2000年？为什么艾伦死了怪诞虫也会死啊？为什么三笠才是这一切的关键？她做了啥啊？啊？？？？
结局爱尔敏那群人被耶格尔派枪毙才是最好的结局。"
爱在午夜降临前,5,2024-11-11 19:59:40,4,如果什么都无法舍弃，就什么都无法改变。
雲豆子散步,未评分,2024-05-01 00:41:07,0,自由的奴隶。
狗头金,3,2023-12-02 16:52:28,3,我不喜欢的地方，是现在的作者似乎都太执迷于巨大的主题，动不动就搞得很终极，痴迷于那些道德困境和永恒悖论，到头来就需要去面对那些“一个人要怎么拯救世界”的白痴问题，就一定会左右为难到烂尾，说白了还是太拿自己当回事了。就像艾伦自己说的那样“为什么搞成了这样？我总算明白了！因为我是傻子！一个随处可见的傻子掌握了超常的力量，所以只能迎来这样的结果。”但退一步说，作品本来就是无事生非的东西，最后能搞成这样也算费劲了心机，十年不易，完结撒花了。
迷影真嗣,5,2024-04-15 00:50:05,3,巨人大结局已经把整部作品提升到哲学的高度，整部作品大致可以分为两派人物，一派是信奉虚无主义，相信这个世界、人类都不存在任何意义，所以毁灭世界只是走向最终梦想中那个乌托邦的必经之路。另一派是信奉萨特的存在主义，就算承认这个世界、人生没有任何意义，但我们生活中日常，积累的点点滴滴，这一切正是我们存在过的证明。即使世界无可救药，也要抱着希望与命运抗争下去。如同萨特写的那本书《存在主义是一种人道主义》！
奶油小方,5,2023-11-06 13:35:04,2,完结啦~回忆了一下，虽然柯南是从小在看，之后也断断续续看过一些番剧，但真正算得上入宅应该就是13年的巨人了。即使提前都知道了剧情，但是最后艾伦死去那段还是哭了，爱尔敏和艾伦的友谊是最感动我的，还有兵长看到调查兵团的幻想也是，哭死QAQ 谏山创给不出世界和平的终极答案，但他可以给出热血少年漫的真实答案。最后这个结局我还是基本满意的，巨人带来的震撼、思考都是真实存在的，是一部优秀的作品。【9.3】
林有夏,未评分,2023-11-06 22:45:02,2,希望爱的人一辈子只爱自己有什么不好呢
Pam,5,2023-11-06 19:41:57,2,我的梦想里，突然就加了不少名叫现实的画面。
叫涵哥,1,2025-02-24 20:57:42,9,觉得不烂尾的脑子里装的是答辩吗
白衣沽酒,2,2023-11-07 16:24:48,2,霹雳哐啷一顿大乱斗，砍掉大蜈蚣的头，完事啦
浅黄色,4,2023-11-08 00:23:40,1,总算是完结了，但是这个结局确实瑕疵
sorry打搅,4,2023-11-06 10:08:13,0,有始有终
马陌上,4,2023-11-08 07:33:38,1,巨人终于完结。再见了，调查兵团。一个如此恢弘的设定，必然面临着并线的困难：最终用虚无主义终结了自由的意义，尽管很难接受，但却让巨人由一个古典英雄主义作品打着趔趄上升为一个现代主义作品——终结自由意义的同时，却没有终结自由选择的意义，因此，可以算是稳稳落在了存在主义这一向度上。史上最强动漫作品，这一地位二十年内无人撼动。
Desperad0,5,2023-11-05 01:00:44,4,吐了
永夏之人,4,2023-11-08 13:31:15,0,很难评，关键在于如何理解艾伦。剧情的终点是人类的矛盾：消除战争的战争是否正义，遇见未来但又无法改变未来的决定论如何破除，个人意志与集体意志的联系，其中，自由的奴隶并非人类的终极矛盾，矛盾在于现实层面的杀戮所带来个体承受的仇恨与负罪（整部剧的精华也在于此，但最终季反而没呈现解法）。谏山创对此是非常悲观的，他觉得这种矛盾意志经由民族决定论（艾尔迪亚vs马来）、生物意志决定论（吉克），再到战争决定论（艾伦），未来始终是不确定的。剧中说，尤弥尔的底牌是爱，艾伦的底牌是无奈，都是找不到希望的托词，艾尔敏对艾伦的接受和拥抱更是堪称灾难——我们怎么可能爱这样一个人呢？虚构作品没有真正解决它自己提出的问题，不知道现实是否可以。
行走在孤独星球,5,2025-06-18 14:53:47,1,没感觉烂尾啊，整体故事宏大又悲壮！
茫然骑士,未评分,2024-01-12 22:05:03,0,画的很好，但结局早已知晓，还是不再有当时的看剧动力了
阿伦和饭师傅,未评分,2023-11-07 01:45:35,0,落幕了!
人类学科研究员,5,2023-11-23 00:43:36,2,结局挺好的呀，为何当初全网不满？
向刃于Box,1,2025-06-17 00:09:52,2,一切为帝国主义辩解和洗白的作品都给我滚啊，越想越气愤，虽然只是看了4个小时解说，但也是吃了4个小时才发现吃的是一大碗屎啊！曾经给世界带去痛苦的民族，还要恬不知耻以逃脱过去罪孽带来的惩罚的名义，去反攻世界然后杀掉80%人类，然后说给世界带去和平！！从来没看一部作品看的这么气愤过！Fuck！！
unobserved,2,2024-07-28 01:54:29,3,"慕名而来，失望而归。作者很有野心的想创作出一个有深意的故事，但是似乎没有这个实力。前面热血番的部分做的很棒，但是从讲国家战争开始就各种崩盘。想谈论的主题都很深刻，但呈现出来的政治，军事，乃至哲学方面又都很幼稚，所有的文戏最后的落脚点还是儿女情长和热血番那一套。"
说了我是黑无常,3,2024-10-24 23:45:27,0,……
圆形水果切片,2,2025-01-10 20:22:23,9,从主题来看，作者对博弈手段的想象力匮乏不够支撑如此宏大的政治议题，对自由和平等哲学上的思考也略浅显。从人物来看，作者的偏心到了后期越发明显：萨沙沦为加深战士和兵团之间的矛盾又和解的道具；帕岛内乱期间，希斯特利亚作为女王竟毫无参与感，又在地鸣被阻止的当天生下了毫无意义的孩子（真是恶趣味）；阿妮沉睡了三季，醒来秒变恋爱脑；最可怜的是三笠，始终如一的当着艾伦的挂件，除了救艾伦就是完成艾伦的人物弧光，好不容易找回一点自我意识，最后又戴上了围巾守一辈子墓。。（这何尝不是另一种双洁情结？）如果这么不喜欢这些女性角色，请不要把他们放在主角团里，装模作样地好像写了一些多角度群像
阿莓莓,5,2023-11-08 22:55:18,5,"感慨啊……战国纷争百年，汉朝到五胡乱华，唐朝安史之乱，元朝屠戮中原，抗战保卫河山。中国历史和世界历史没有区别。
人们总是希望永远的和平，但战争永远不会停止，历史的轮回何曾相似。
也许战争就是给予人类的宿命吧……"
南宫非攻,3,2023-11-05 14:33:14,6,我就是一个坚定的耶格尔派，这样的收束虽然早就漫画看过但还是觉得烂，尤其谈之巨人联手三笠，让三笠亲自操刀斩下艾伦头颅这种安排，我觉得简直不能再烂了...所有错乱的行为逻辑都用“爱”这个字来解释是最苍白无力的做法，这让谏山创之前所有的神之包袱都显得一文不值。但，总归是从第一季追到这最终章的，再烂尾也是一段青春的闭环。进击的巨人，艾伦耶格尔，愿你在地狱的灵魂是无拘的、是真正自由的。
绿毛水怪,4,2023-11-06 04:01:41,1,不觉得烂尾，但觉得节奏很赶。剧情在引入时空概念后就一路走低了。
🌚🌝@¥,5,2023-11-05 03:50:53,4,虽然早就知道结局 但依旧对它充满期待
歐陽琳瑯,5,2024-03-15 13:01:32,3,为什么会有人觉得烂尾啊？反讽拉满啊！！牺牲了那么多人，死了那么多人，所追寻的和平和没有巨人的世界，确实实现了。但是又很快被打破了……人类只要活着，战争就不会避免。以前的战斗对象是巨人，以后的战斗对象，是人。
リン,5,2024-06-01 01:06:30,2,"双亲殁，双亲殁，信音未准
烽烟起，烽烟起，梓桑半损
欲归，欲归，归途难问
天涯到处迷，将身怎隐，歧路穷途，天暗地昏
天使们乔装打扮，伪装成恶魔模样
孩子们紧握最后希望，脑浆即将被地鸣迸发
内心的痛苦越来越大，但喜剧般的愉悦渐达极致
狰狞的面孔滋生诅咒，朋友的美言早已成为虚构
哪怕看不到未来，有些东西早已是命中注定，无论怎么未来都不会丝毫变动。人生而自由，却无往不在枷锁中。
人类自打生下来开始，永远都不会停止纷争，永远都不会互相理解。
在这个悲催的世界里面，要不就是无知的快乐着，要不就是有知的痛苦着。
自从艾伦触碰西斯托利亚的手之后，发现一切早已注定的结局，定然很绝望吧。
在毁灭又重生的轮回中，你们都是真正的敌人。"
大纠结师,3,2024-02-16 16:53:10,0,"7.0
太水了，但以那个拉屎论结局的说法，巨人的结局也只能说是有点稀，算不上一泻千里、臭不可闻"
药师,3,2023-11-05 19:01:09,7,其实每次隔那么久才遮遮掩掩出一集，剧情我已经忘的差不多了
点击即刻爆炸,4,2023-11-10 19:06:35,0,最后的小彩蛋挽回来了一点。
天飘雾渺,5,2023-11-05 10:05:13,1,这是一个血腥而伤感的故事，同样不可否认的是，它用跨越了无数层级的广阔视角，让人们看到了二次元作品的天花板格局。巨人中，每个角色的仇恨与牵挂，都被根种在故乡被蹂躏的痛苦之中。而谏山创埋下的那句“回到那回不去的故乡”，如今看来，竟是结尾之际，弥留下的唯一一句最具感性色彩的悲鸣。他坚持了作为创作者无比任性的本心，哪怕这个结局并没有为他赢来满堂彩。在神作落幕之际，感谢他将《进击的巨人》带到我们面前。走出仇恨的森林，愿每一个义无反顾奔赴向大海的孩子，再回首时，故乡都开满了温柔的鲜花。
摸不着头脑,1,2023-11-05 11:18:17,6,欢迎收看大型“和解现场”🤣👉
sophia,4,2023-11-06 18:01:56,2,少年们长大了，发现原来的热血献出的心脏，居然不知道为什么了。面对如今的状况，该怎么办呢？如何走出困境？作者给出了一个答案。现实中，没有happy ending
榕十三,4,2025-06-16 23:15:57,0,幸好当年没追看，不然得气死。
