评论ID,国家,原始评论,分词后评论
94aec6669c464012,中国,居然是豆瓣上第一个短评，院线版新增的一个彩蛋很惊喜，选择了纽约的街景不知道和谏山创的Anime NYC之行有没有关系。在这个残酷美丽的世界，谢谢你为我围上围巾??｜ＴＯＨＯシネマズ新宿,居然 是 豆瓣 上 第一个 短评 ， 院线 版 新增 的 一个 彩蛋 很 惊喜 ， 选择 了 纽约 的 街景 不 知道 和 谏 山创 的 Anime   NYC 之行 有没有 关系 。 在 这个 残酷 美丽 的 世界 ， 谢谢 你 为 我围 上 围巾 ?? ｜ Ｔ Ｏ Ｈ Ｏ シ ネ マ ズ 新宿
a36db2acd16247a7,中国,看完以后，觉得应该从头开始再剪一遍。,看 完 以后 ， 觉得 应该 从头开始 再剪 一遍 。
d69937498e5c4550,中国,#MCL德福#没有美高的部分会更好，如果只看原版还能因为谏山创笨拙的把自己和艾伦代入而略有理解，美高的部分就是仿照当下影视作品meta化来让观众纯一笑而过，但这还想再挽尊一般的做法只会把结局这段心路历程更祛魅,# MCL 德福 # 没有 美高 的 部分 会 更好 ， 如果 只 看 原版 还 能 因为 谏 山创 笨拙 的 把 自己 和 艾伦 代入 而 略有 理解 ， 美高 的 部分 就是 仿照 当下 影视作品 meta 化来 让 观众 纯 一笑而过 ， 但 这 还 想 再 挽尊 一般 的 做法 只会 把 结局 这 段 心路历程 更 祛 魅
d51a17e0b7e84ee5,中国,艾伦地鸣之后的总集篇，原本合集就一律三星，更别提这还是脑残叛变小分队去诛杀艾伦的合集，不扣星就已经很不错了。,艾伦 地鸣 之后 的 总集 篇 ， 原本 合集 就 一律 三星 ， 更 别提 这 还是 脑残 叛变 小分队 去 诛杀 艾伦 的 合集 ， 不 扣星 就 已经 很 不错 了 。
c28fb99ad66e43be,中国,周围一圈九宫格哭的稀里哗啦的，个人因为看太多遍了已经毫无波澜了，但是能在电影院看巨人，也是完成了人生愿望清单的又一项。,周围 一圈 九宫格 哭 的 稀里哗啦 的 ， 个人 因为 看太 多遍 了 已经 毫无 波澜 了 ， 但是 能 在 电影院 看 巨人 ， 也 是 完成 了 人生 愿望 清单 的 又 一项 。
1bf175177b1e460f,中国,立刻献出心脏了，巨人是唯一一部不管怎么重编重剪炒冷饭我都可以充满期待看无数遍的作品，大家一定都在另一个时空好好的生活吧。,立刻 献出 心脏 了 ， 巨人 是 唯一 一部 不管怎么 重编重 剪 炒冷饭 我 都 可以 充满 期待 看 无数遍 的 作品 ， 大家 一定 都 在 另 一个 时空 好好 的 生活 吧 。
544fe9b1dc474d1a,中国,【涉及剧透】色纸拿到阿尔敏（另外两个人谏山创画的不好看）才看到第五季开头的时候这个突然上了，而且好像只上三周所以就先去看了。感觉可以丝滑地切进去剧情，说实话这个电影只是第六季的总集篇。哭得我特别头晕，从头哭到尾的感觉。看到噶比的时候我觉得我原谅了她，看到她端枪的姿势会幻视萨沙，所以这是一个特别残忍的设定，让萨沙死在另一位年幼的狙击手的手里。这就像是在说仇恨的代际相传所要付出的代价，以及用你最信赖的射击夺走了那么多生命的你最后要面临的因果报应一般。在前面所有剧情的缝隙里填入三笠爱着艾伦的证明，只是想着要去杀你就会流泪的，但是最后的最后也只有她可以去杀你，抱住他的头颅亲吻就像某种宿命意味太重的哥特式爱情。结果在彩蛋的转世里面三笠真的是那种会玩亚文化的哥特阴暗女要命啊。。,【 涉及 剧透 】 色纸 拿到 阿尔敏 （ 另外 两个 人谏山 创画 的 不 好看 ） 才 看到 第五 季 开头 的 时候 这个 突然 上 了 ， 而且 好像 只上 三周 所以 就 先 去 看 了 。 感觉 可以 丝滑 地 切进去 剧情 ， 说实话 这个 电影 只是 第六 季 的 总集 篇 。 哭 得 我 特别 头晕 ， 从头 哭 到 尾 的 感觉 。 看到 噶比 的 时候 我 觉得 我 原谅 了 她 ， 看到 她 端 枪 的 姿势 会 幻视 萨沙 ， 所以 这是 一个 特别 残忍 的 设定 ， 让 萨沙死 在 另 一位 年幼 的 狙击手 的 手里 。 这 就 像是 在 说 仇恨 的 代际 相传 所 要 付出 的 代价 ， 以及 用 你 最 信赖 的 射击 夺走 了 那么 多 生命 的 你 最后 要 面临 的 因果报应 一般 。 在 前面 所有 剧情 的 缝隙 里 填入 三笠 爱 着 艾伦 的 证明 ， 只是 想着 要 去 杀 你 就 会 流泪 的 ， 但是 最后 的 最后 也 只有 她 可以 去 杀 你 ， 抱住 他 的 头颅 亲吻 就 像 某种 宿命 意味 太重 的 哥特式 爱情 。 结果 在 彩蛋 的 转世 里面 三笠 真的 是 那种 会 玩 亚文化 的 哥特 阴暗 女 要命 啊 。 。
182f0bb761384c38,中国,彩蛋台配版 …… -米卡莎：我覺得是部很棒的作品。雖然真的是一個相當漫長的故事，但伏筆都有確實的回收，和登場的角色們也都有好好道別了。 -阿爾敏：是喔。這是因為米卡莎妳都沒有在看討論區吧？……謎團根本都沒解開啊！該怎麼說？太符合觀眾的預測了。一般來說會從正面意義上給出一些超乎觀眾預料的東西吧？ -米卡莎：是因為…有可能是作者故意不把劇情說死，這樣才能讓觀眾留下想象空間；也可能是刻意收得簡潔明瞭，比方說偶爾也是有人身上帶著缺點反而更容易讓人親近他啊！你不能否認吧？ -阿爾敏：開什麼玩笑？這種解釋怎麼可能消解我滿肚子的疑問跟不滿，我可是等這個結局等了好久了，為了這一天等了整整十年。不然艾連你是怎麼評價的？ …… -艾連：我覺得…能跟你們一起看電影我覺得很開心。如果之後還有續集的話 再約一約，一起去看吧！ ……,彩蛋 台配 版   … …   - 米卡 莎 ： 我覺 得 是 部 很棒 的 作品 。 雖然 真的 是 一個 相當 漫長 的 故事 ， 但伏筆 都 有 確實 的 回收 ， 和 登場 的 角色 們 也 都 有 好好 道別 了 。   - 阿爾敏 ： 是 喔 。 這是 因為 米卡 莎 妳 都 沒 有 在 看 討論區 吧 ？ … … 謎團 根本 都 沒 解開 啊 ！ 該 怎麼 說 ？ 太 符合 觀眾 的 預測 了 。 一般 來 說 會 從 正面 意義上 給出 一些 超乎 觀眾 預料 的 東西 吧 ？   - 米卡 莎 ： 是 因為 … 有 可能 是 作者 故意 不 把 劇情 說 死 ， 這樣 才能 讓 觀眾 留下 想象 空間 ； 也 可能 是 刻意 收得 簡潔明 瞭 ， 比方 說 偶爾 也 是 有人 身上 帶著 缺點 反而 更 容易 讓 人 親近 他 啊 ！ 你 不 能否 認吧 ？   - 阿爾敏 ： 開什麼 玩笑 ？ 這種 解釋 怎麼 可能 消解 我滿 肚子 的 疑問 跟 不滿 ， 我 可是 等 這個 結局 等 了 好久 了 ， 為 了 這 一天 等 了 整整 十年 。 不然 艾連 你 是 怎麼 評價 的 ？   … …   - 艾連 ： 我覺 得 … 能 跟 你 們 一起 看電影 我 覺得 很 開心 。 如果 之後還 有續 集 的 話   再 約 一約 ， 一起 去 看吧 ！   … …
42f0138122014139,中国,他割任他割 反正韭菜多,他 割任 他 割   反正 韭菜 多
7c05596336f54cae,中国,韓吉對著阿尼喊「下次見」時立刻忍不住淚崩了??三刷，這是首處牽動我淚腺的細節。｜寫了數次：進巨最高光的一點就是能摒棄宏大的概念，回歸人類心底最柔軟的惻隱，你也可以說那叫做「人道主義」，但我覺得「主義」這個詞依然寬泛，我覺得人類只需去不斷發現並單純地承認：我們具備更細小卻有力的感情。面對「既然終究會死那麼努力求生又有何意義」這樣無懈可擊的邏輯，放棄辯解自證與形容，只是讓Armin做出了最原始的反應——有多少人於是隨之想起自己的那片葉子、那顆棒球，想起故意輸掉的比賽和無論如何也玩不夠的心愛遊戲？那麼Mikasa究竟是為什麼能親手斬下自己保護了一輩子的人的頭，也就不言而喻。｜全程和大家一起又哭又笑。沒想到School Caste會作為彩蛋在完結篇釋出，雖是很傻的情懷砲彈，但粉又怎能不願被轟炸呢。,韓吉對 著 阿尼喊 「 下次 見 」 時 立刻 忍不住 淚崩 了 ? ? 三刷 ， 這是 首處 牽動 我 淚腺 的 細節 。 ｜ 寫 了 數次 ： 進巨 最高 光 的 一點 就是 能 摒棄 宏大 的 概念 ， 回歸人類 心底 最柔 軟 的 惻隱 ， 你 也 可以 說 那 叫做 「 人道 主義 」 ， 但 我 覺得 「 主義 」 這個 詞 依然 寬泛 ， 我覺 得 人類 只 需去 不斷 發現 並單 純地 承認 ： 我們 具備 更細 小 卻 有力 的 感情 。 面對 「 既然 終究會 死 那麼 努力 求生 又 有 何意 義 」 這樣 無懈 可擊 的 邏輯 ， 放棄 辯解 自證 與 形容 ， 只是 讓 Armin 做出 了 最 原始 的 反應 — — 有 多少 人 於 是 隨之 想起 自己 的 那片 葉子 、 那顆 棒球 ， 想起 故意 輸掉 的 比賽 和 無論 如何 也 玩 不夠 的 心愛遊戲 ？ 那麼 Mikasa 究竟 是 為 什麼 能 親手 斬 下 自己 保護 了 一輩子 的 人的頭 ， 也 就 不言而喻 。 ｜ 全程 和 大家 一起 又哭又笑 。 沒 想到 School   Caste 會作 為 彩蛋 在 完 結篇釋 出 ， 雖是 很傻 的 情懷 砲 彈 ， 但粉 又 怎能不 願 被 轟炸 呢 。
0c55111dbb4543fd,中国,2025.1.16 11:00 Festival Grand Cinema（又一城） 依然被感动、被震撼，我仿佛就是为了看到这样的作品才诞生在世界上！??美高彩蛋太可爱了????,2025.1 . 16   11 : 00   Festival   Grand   Cinema （ 又 一城 ）   依然 被 感动 、 被 震撼 ， 我 仿佛 就是 为了 看到 这样 的 作品 才 诞生 在世界上 ！ ?? 美高 彩蛋 太 可爱 了 ?? ??
20d5447a761b4aa3,中国,捧着香港首场特典就开始哭，从韩吉哭到吼猴，终于也在大荧幕上看到今天天气真好了。喜欢片尾彩蛋，ema你们三个把日子一起过好比什么都强别单拆你那异性恋和竹马了。看到清洁工李伟扫影院还是又哭了。,捧 着 香港 首场 特典 就 开始 哭 ， 从 韩吉哭 到 吼 猴 ， 终于 也 在 大 荧幕 上 看到 今天天气 真好 了 。 喜欢 片尾 彩蛋 ， ema 你们 三个 把 日子 一起 过 好比 什么 都 强别 单 拆 你 那 异性恋 和 竹马 了 。 看到 清洁工 李伟扫 影院 还是 又 哭 了 。
1a5d105d0ee24fe2,中国,也许我出生就是为了我们三个人玩捉迷藏？,也许 我 出生 就是 为了 我们 三个 人 玩 捉迷藏 ？
4493a2dcd6aa432d,中国,我也很喜欢浪漫。 但我更喜欢安安静静，踏踏实实的生活。,我 也 很 喜欢 浪漫 。   但 我 更 喜欢 安安静静 ， 踏踏实实 的 生活 。
9337939f5b2d4e79,中国,彩蛋。 如此反差的小太妹三笠似乎是用来展示一个突破了宿主限制的人设，但又何尝不是一种迎合身份的虚有其表？ 以及，直抒胸臆的存在主义。,彩蛋 。   如此 反差 的 小 太妹 三笠 似乎 是 用来 展示 一个 突破 了 宿主 限制 的 人设 ， 但 又 何尝 不是 一种 迎合 身份 的 虚有其表 ？   以及 ， 直抒胸臆 的 存在主义 。
4496adee21ff4e3b,中国,唉唉，难道我们献出心脏只是为了去践踏别人的心脏吗,唉 唉 ， 难道 我们 献出 心脏 只是 为了 去 践踏 别人 的 心脏 吗
354ca3d0f13d4cce,中国,借主角之口说出作者对观众说的话 真有你的,借 主角 之口 说出 作者 对 观众 说 的话   真有 你 的
154c03ceac8c42ad,中国,没看前几集，剧情一头雾水,没看 前 几集 ， 剧情 一头雾水
9128a32887b7412f,中国,完结篇总集+美高彩蛋。「能和你们一起看电影很开心，如果有续作的话，再一起去看吧。」,完结篇 总集 + 美高 彩蛋 。 「 能 和 你们 一起 看 电影 很 开心 ， 如果 有续 作 的话 ， 再 一起 去 看吧 。 」
7c0976a53c0a4fb3,中国,没想到是这样的结局，这部动漫的走向越来越让它成为一部让人难忘的作品，一开始以为是简单的与巨人战斗保卫家园的故事，原来是说人类那永无止境的循环,没想到 是 这样 的 结局 ， 这部 动漫 的 走向 越来越 让 它 成为 一部 让 人 难忘 的 作品 ， 一 开始 以为 是 简单 的 与 巨人 战斗 保卫 家园 的 故事 ， 原来 是 说 人类 那 永无止境 的 循环
6cec7452aae240fe,中国,当代的战争与和平,当代 的 战争 与 和平
ee0d645849014f68,中国,影院坐得很满，很多人都哭了，再看最终季，只觉得韩吉的死处理得壮烈残酷又温柔，作者给了韩吉和艾尔文非常圆满而有尊严的死亡。虽然主角三人组很莫名其妙，但调查兵团和以莱纳为代表的马莱线还是相当令人动容。,影院 坐得 很 满 ， 很多 人 都 哭 了 ， 再 看 最终 季 ， 只 觉得 韩吉 的 死 处理 得 壮烈 残酷 又 温柔 ， 作者 给 了 韩吉 和 艾尔文 非常 圆满 而 有 尊严 的 死亡 。 虽然 主角 三人组 很 莫名其妙 ， 但 调查 兵团 和 以 莱纳 为 代表 的 马莱线 还是 相当 令人 动容 。
39b852db25f044a3,中国,巨人之间的战斗，像僵尸一样的地鸣，踩死了地上八成的人类，艾莲与调查军团，一个自由的奴隶用自己的死成全了大家的英雄一击，明知未来的颓丧，剩下的两成人类一样会有不会完结的战斗，未看过剧集，很难有三人情谊而带来的感动。,巨人 之间 的 战斗 ， 像 僵尸 一样 的 地鸣 ， 踩死 了 地上 八成 的 人类 ， 艾莲 与 调查 军团 ， 一个 自由 的 奴隶 用 自己 的 死 成全 了 大家 的 英雄 一击 ， 明知 未来 的 颓丧 ， 剩下 的 两成 人类 一样 会 有 不会 完结 的 战斗 ， 未 看过 剧集 ， 很难 有 三人 情谊 而 带来 的 感动 。
bbae11ae97494131,中国,给青春一个体面的告别。 ①文戏简直灾难性，什么心里话都往外说，这要搁姜文评价就是“最差的台词”；②谏山创和编剧明显信宗教，对什么燃烧的大海有迷一样的执念；③最后一段加的好，终于把艾伦动机说出来了。作为日本立场，灭掉80％人类让人口平衡是折中办法，但其实把外人杀光只留日本人都没问题，问题是谏山创不敢这么写??④彩蛋明说了巨人就是隐喻核弹，可以说是巧妙的把核弹创伤用作品包装出来了，要是搁现实主义大家才不会这么跟着你的想法走。 总体说是对日本文化研究的好范本。,给 青春 一个 体面 的 告别 。   ① 文戏 简直 灾难性 ， 什么 心里话 都 往外 说 ， 这要 搁 姜文 评价 就是 “ 最差 的 台词 ” ； ② 谏 山创 和 编剧 明显 信 宗教 ， 对 什么 燃烧 的 大海 有迷 一样 的 执念 ； ③ 最后 一段 加 的 好 ， 终于 把 艾伦 动机 说 出来 了 。 作为 日本 立场 ， 灭掉 80 ％ 人类 让 人口平衡 是 折中 办法 ， 但 其实 把 外人 杀光 只留 日本 人 都 没 问题 ， 问题 是 谏 山创 不敢 这么 写 ?? ④ 彩蛋 明说 了 巨人 就是 隐喻 核弹 ， 可以 说 是 巧妙 的 把 核弹 创伤 用 作品 包装 出来 了 ， 要是 搁 现实主义 大家 才 不会 这么 跟着 你 的 想法 走 。   总体 说 是 对 日本 文化 研究 的 好 范本 。
d4debd2bfddf4bee,中国,一年后再体验，敬佩其同时展开多个层次议题的勇气；前后篇整体感觉采用了一种新的阴影画法，不那么规则了；声音的重制很用心，三间不愧是从剧场版做上来的,一年 后 再 体验 ， 敬佩 其 同时 展开 多个 层次 议题 的 勇气 ； 前后 篇 整体 感觉 采用 了 一种 新 的 阴影 画法 ， 不 那么 规则 了 ； 声音 的 重制 很 用心 ， 三间 不愧 是从 剧场版 做 上来 的
cd9dab4c0e0544e9,中国,因为被朋友拉着一起看这部总集篇剧场版，一口气补了漫画。电影也是以知道地鸣发动之前的故事为前提。战斗场面在电影院看效果还可以。韩吉舍身阻挡地鸣巨人那段朋友哭得好大声（ 相比漫画，动画还让我留下印象的是，在悬崖上只有婴儿是彩色的。最后艾伦和阿尔敏的对话改动也不错。正片结束，时光流逝，一转“现代”的转世三人走出电影院讨论本作的感想，这段结尾是朋友不太满意我却很喜欢的部分。艾伦说只要和大家一起看就很好了，和我走出电影院的心情呼应了。尽管人类不会停止争斗，能安心享受电影院的生活就是美好的。,因为 被 朋友 拉着 一起 看 这部 总集 篇 剧场版 ， 一口气 补 了 漫画 。 电影 也 是 以 知道 地鸣 发动 之前 的 故事 为 前提 。 战斗 场面 在 电影院 看 效果 还 可以 。 韩吉 舍身 阻挡 地鸣 巨人 那段 朋友 哭 得 好 大声 （   相比 漫画 ， 动画 还 让 我 留下 印象 的 是 ， 在 悬崖 上 只有 婴儿 是 彩色 的 。 最后 艾伦 和 阿尔敏 的 对话 改动 也 不错 。 正片 结束 ， 时光流逝 ， 一转 “ 现代 ” 的 转世 三人 走出 电影院 讨论 本作 的 感想 ， 这 段 结尾 是 朋友 不太 满意 我 却 很 喜欢 的 部分 。 艾伦 说 只要 和 大家 一起 看 就 很 好 了 ， 和 我 走出 电影院 的 心情 呼应 了 。 尽管 人类 不会 停止 争斗 ， 能 安心 享受 电影院 的 生活 就是 美好 的 。
bdb9fa63283446eb,中国,这啊那的其实一到野鸽围围巾我就又不中了,这 啊 那 的 其实 一到 野鸽 围 围巾 我 就 又 不 中 了
f551d5f68dea4659,中国,10年！一起走过,10 年 ！ 一起 走过
80a76849e1e44543,中国,一群人在为日本人时时刻刻想要毁灭全人类的阴暗、变态想法的集大成之作鼓掌叫好。他们不知道这是在鼓励日本人再犯华夏吗？,一群 人 在 为 日本 人 时时刻刻 想要 毁灭 全人类 的 阴暗 、 变态 想法 的 集大成 之作 鼓掌 叫好 。 他们 不 知道 这 是 在 鼓励 日本 人 再犯 华夏 吗 ？
6305f70845884afa,中国,追求自由的人，最终都会人头分离。,追求 自由 的 人 ， 最终 都 会 人头 分离 。
ddcda8b6586b41c0,中国,加了个彩蛋,加 了 个 彩蛋
7c1c1a5f12df4d9c,中国,艾伦打破了尤弥尔的奴隶枷锁，三笠砍断了尤弥尔的恋爱脑。,艾伦 打破 了 尤弥尔 的 奴隶 枷锁 ， 三笠 砍断 了 尤弥尔 的 恋爱 脑 。
42c572784ab142d2,中国,落幕,落幕
6aa91d432fd544c0,中国,总集篇,总集 篇
c5795073a40e46fb,中国,如果不是最后的彩蛋我会以为我下错了，这剧情跟上部不是一模一样吗。,如果 不是 最后 的 彩蛋 我会 以为 我下 错 了 ， 这 剧情 跟 上部 不是 一模一样 吗 。
a7ce033c68c843f0,中国,最后的进击，场面调度是真的强。汉吉献出心脏，艾伦vs伙伴们的双自由对抗，而实际是伙伴们对抗着尤弥尔。巨人之力消失，人类的战争与对抗依旧持续。三笠真孤独啊。,最后 的 进击 ， 场面 调度 是 真的 强 。 汉吉 献出 心脏 ， 艾伦 vs 伙伴 们 的 双 自由 对抗 ， 而 实际 是 伙伴 们 对抗 着 尤弥尔 。 巨人 之力 消失 ， 人类 的 战争 与 对抗 依旧 持续 。 三笠 真 孤独 啊 。
28a921c49adb4f79,中国,在大银幕上看到真是令人感动。只可惜到结尾，兵长已经不能再贡献任何华丽的砍猴了，兵长好可怜??,在 大 银幕 上 看到 真是 令人感动 。 只 可惜 到 结尾 ， 兵长 已经 不能 再 贡献 任何 华丽 的 砍 猴 了 ， 兵长 好 可怜 ??
1117ea1958c74434,中国,多了最后一幕的彩蛋，也让主角三人从动漫活在现实，还是最爱你三笠,多 了 最后 一幕 的 彩蛋 ， 也 让 主角 三人 从 动漫 活在 现实 ， 还是 最爱 你 三笠
25a780df6e5f4123,中国,-9.5分,- 9.5 分
64154867f5aa4de2,中国,來到終篇了，坐在4dx的影院，座椅隨著銀幕上立體機動裝置的走向而晃動，也算滿足了初一夏天我的願望：好想學會立體機動裝置到處飛！當初在艾蓮倒立苦練的時候我也暗暗使勁，訓練兵氣體耗盡直面巨人的時候我也一樣恐慌，那時候最喜歡三笠又強又颯，總是很有餘裕地戰鬥，也真切地夢想過成為他們的一員，去海的那邊···突然好想回到過去，這麽多年過去一切都變了，原來未來一點都不值得期待。但是，就這樣一直前進下去，戰鬥吧！,來 到 終篇 了 ， 坐在 4dx 的 影院 ， 座椅 隨著 銀幕 上 立體 機動 裝置 的 走向 而晃動 ， 也 算 滿足 了 初一 夏天 我 的 願望 ： 好想 學會 立體 機動 裝置 到 處飛 ！ 當初 在 艾蓮 倒立 苦練 的 時候 我 也 暗暗 使勁 ， 訓練兵 氣體 耗盡 直面 巨人 的 時候 我 也 一樣 恐慌 ， 那時候 最喜 歡三笠 又 強又颯 ， 總是 很 有 餘裕地 戰鬥 ， 也 真切 地夢想 過成 為 他們 的 一員 ， 去海 的 那邊 · · · 突然 好 想 回到 過去 ， 這 麽 多年 過去 一切 都 變 了 ， 原來 未來 一點 都 不 值得 期待 。 但是 ， 就 這樣 一直 前進 下去 ， 戰鬥 吧 ！
6396d5a51b8f4065,中国,IMAX厅大银幕也太过瘾了吧,IMAX 厅 大 银幕 也 太 过瘾 了 吧
aac38fe0d0694bf2,中国,属于是中二动漫里比较有深度的，因此缺点也比较突出，就是中二。作者设置的世界观和野心难以由他的人物塑造和整体把控力支撑起来，所以人物的行为并不是被命运推动，而是被作者的意图推动，使得人物中二得不得了，并且作者试图用理智上的政治正确掩饰他情感上对于人类的某种微妙的厌恶。节奏拖沓和故作深沉让人觉得已经超过了合理的范畴。,属于 是 中 二 动漫 里 比较 有 深度 的 ， 因此 缺点 也 比较突出 ， 就是 中 二 。 作者 设置 的 世界观 和 野心 难以 由 他 的 人物 塑造 和 整体 把 控力 支撑 起来 ， 所以 人物 的 行为 并 不是 被 命运 推动 ， 而是 被 作者 的 意图 推动 ， 使得 人物 中二得 不得了 ， 并且 作者 试图用 理智 上 的 政治 正确 掩饰 他 情感 上 对于 人类 的 某种 微妙 的 厌恶 。 节奏 拖沓 和 故作 深沉 让 人 觉得 已经 超过 了 合理 的 范畴 。
39f640110c2943f9,中国,救命！即使（剧透的网友让）我拥有预知未来的能力，还是在看到最后那莫名其妙的一章时狠狠翻了白眼。。。,救命 ！ 即使 （ 剧透 的 网友 让 ） 我 拥有 预知 未来 的 能力 ， 还是 在 看到 最后 那 莫名其妙 的 一章 时 狠狠 翻 了 白眼 。 。 。
7dd9800678964da8,中国,十年剪辑片 感动人心的故事 影院大屏,十年 剪辑 片   感动 人心 的 故事   影院 大屏
64c721aded144371,中国,看点好的 能和你们一起看电影就很幸福了 突然有点好奇谏山创做为一个生活在二十一世纪和平时代的人是怎么关心到且能写出战争这种明显脱离作者现实日常生活这种属于20世纪上半叶的题材的？（很久之后的答案：也许他不懂战争但是懂人性仇恨，用战争的载体去装仇恨） 还有就是三笠身上的刚强勇武和贤妻良母如何共存？整装提刀的三笠和坐在树下的三笠如何是同一个人？这两者放到现实中应该是矛盾的,看点 好 的   能 和 你们 一起 看 电影 就 很 幸福 了   突然 有点 好奇 谏 山创 做 为 一个 生活 在 二十一 世纪 和平 时代 的 人 是 怎么 关心 到 且 能 写出 战争 这种 明显 脱离 作者 现实 日常生活 这种 属于 20 世纪 上半叶 的 题材 的 ？ （ 很 久 之后 的 答案 ： 也许 他 不 懂 战争 但是 懂 人性 仇恨 ， 用 战争 的 载体 去 装 仇恨 ）   还有 就是 三笠 身上 的 刚强 勇武 和 贤妻良母 如何 共存 ？ 整装 提刀 的 三笠 和 坐在 树下 的 三笠 如何 是 同一个 人 ？ 这 两者 放到 现实 中 应该 是 矛盾 的
72ea99852cb84631,中国,残酷的轮回人们无法终结，我能做的只是对当下的幸福知足，并对永恒抱以盼望。 我们如今仿佛对着镜子观看，模糊不清，如同猜谜，到那时，就要面对面了。我如今所知道的有限，到那时就全知道，如同God知道我一样。 我今天才是给进击的巨人这部作品在我心中真正的画上句号，此刻心中有满足、有感动、有顿悟也有孤独与悲凉，更有喜乐与盼望！,残酷 的 轮回 人们 无法 终结 ， 我能 做 的 只是 对 当下 的 幸福 知足 ， 并 对 永恒 抱以 盼望 。   我们 如今 仿佛 对 着 镜子 观看 ， 模糊不清 ， 如同 猜谜 ， 到 那时 ， 就要 面对面 了 。 我 如今 所 知道 的 有限 ， 到 那时 就 全 知道 ， 如同 God 知道 我 一样 。   我 今天 才 是 给 进击 的 巨人 这部 作品 在我心中 真正 的 画 上 句号 ， 此刻 心中 有 满足 、 有 感动 、 有 顿悟 也 有 孤独 与 悲凉 ， 更 有 喜乐 与 盼望 ！
fb2b11846ead4f8b,中国,就是前篇和后篇的合体剧场版。多了一个片尾彩蛋，像是结尾不尽人意的一个多余的解释和宽慰。,就是 前篇 和 后 篇 的 合体 剧场版 。 多 了 一个 片尾 彩蛋 ， 像是 结尾 不尽人意 的 一个 多余 的 解释 和 宽慰 。
486c1c5e305f4549,中国,主要是补一下彩蛋，还蛮意味深长的??,主要 是 补 一下 彩蛋 ， 还 蛮 意味深长 的 ??
c2ce9d4fec4e442e,中国,北美乡村刚上映，电影院里基本民族大熔炉，亚裔反而不多，真·出圈。为最后两分钟彩蛋的醋包了2个半小时的总篇集大饺子。“那种事情不要啊”的时候全场充满了快活的空气。,北美 乡村 刚 上映 ， 电影院 里 基本 民族 大 熔炉 ， 亚裔 反而 不 多 ， 真 · 出 圈 。 为 最后 两分钟 彩蛋 的 醋 包 了 2 个 半小时 的 总篇 集大 饺子 。 “ 那种 事情 不要 啊 ” 的 时候 全场 充满 了 快活 的 空气 。
d340b6b87e894d9a,中国,哭了一个小时。最喜欢的结局。我们向未来走去，地狱向我们走来。,哭 了 一个 小时 。 最 喜欢 的 结局 。 我们 向 未来 走 去 ， 地狱 向 我们 走来 。
e34b5e26db7f4d5e,中国,90分。,90 分 。
ec66bf1e6db344a0,中国,虽然用宿命论去解释是一种圆不上只能强行圆的手法，但三笠刀下去的那一刻，我能觉得是谏山创的初始想法，倒也解释得通。只是说，循环这种命理嘛。彩蛋很好，这就应该是我们开放的心态。,虽然 用 宿命论 去 解释 是 一种 圆不上 只能 强行 圆 的 手法 ， 但三笠 刀 下去 的 那一刻 ， 我能 觉得 是 谏 山创 的 初始 想法 ， 倒 也 解释 得通 。 只是 说 ， 循环 这种 命理 嘛 。 彩蛋 很 好 ， 这 就 应该 是 我们 开放 的 心态 。
5cd02f56f760497c,中国,Regal Union Square 跟这一切和解了。「私は無知で愚かで、世界は理不尽で狂っている。 」その物語も。私も。,Regal   Union   Square   跟 这 一切 和解 了 。 「 私 は 無知 で 愚 か で 、 世界 は 理 不尽 で 狂 っ て い る 。   」 そ の 物語 も 。 私 も 。
3ad82d27e5864a27,中国,不看巨人的素质品味修养都比较低,不看 巨人 的 素质 品味 修养 都 比较 低
02fdaf95a6454e54,中国,人类总是那么贱,人类 总是 那么 贱
25f0382ea478426e,中国,在最大程度具现化漫画的基础上的“本手”之作，也承袭了漫画在画工、人物、情节上的缺陷种种。,在 最大 程度 具现化 漫画 的 基础 上 的 “ 本手 ” 之作 ， 也 承袭 了 漫画 在 画工 、 人物 、 情节 上 的 缺陷 种种 。
f4eedb75b5774fbc,中国,2022年Part.2完結便覺得完結篇非常適合用劇場版規格收尾，雖然最終還是分成了Part.3和Part.4在小螢幕完結，但如今的總結篇總算順應民意，讓粉絲有機會在大銀幕幫艾連送終，在新年第一週，能在聲光效果包覆感更強的大銀幕體驗完結篇，體驗地鳴音效所帶來的毀滅性震撼，完成身為巨人粉實質意義上的補完，已了無遺憾。劇場版完結篇總集內容無更動，但是在音效升級的情況下電影感便完全凸顯出來了，雖然最終沒以IMAX規格上映終究有些遺憾，但是能再次在大銀幕重溫畫面以及音效上的所有細節，外加片末的原創彩蛋達成戲裡與戲外的交流呼應，完成了身為巨人粉實質意義上的「補完」，看完真有種太他X值得的欣喜感，謝謝你替我圍上圍巾，謝謝創哥和Mappa給了巨人粉絲一次在大銀幕補完的機會，能跟你們一起看電影真的很開心。,2022 年 Part.2 完結 便 覺得 完結篇 非常 適 合用 劇場 版 規格 收尾 ， 雖然 最終 還是 分成 了 Part.3 和 Part.4 在 小 螢幕 完結 ， 但 如今 的 總 結篇 總算 順應 民意 ， 讓 粉絲 有 機會 在 大銀幕 幫艾連 送終 ， 在 新年 第一 週 ， 能 在 聲光 效果 包覆 感更強 的 大銀幕 體驗 完結篇 ， 體驗 地鳴 音效 所帶 來 的 毀滅性 震撼 ， 完成 身為 巨人 粉實質 意義上 的 補 完 ， 已 了 無 遺憾 。 劇場 版 完 結篇 總集 內容 無 更動 ， 但是 在 音效 升級 的 情況 下 電影感 便 完全 凸顯 出來 了 ， 雖然 最終 沒以 IMAX 規格 上映 終究 有些 遺憾 ， 但是 能 再次 在 大銀幕 重溫 畫面 以及 音效 上 的 所有 細節 ， 外加 片末 的 原創 彩蛋 達成 戲裡 與 戲外 的 交流 呼應 ， 完成 了 身為 巨人 粉實質 意義上 的 「 補完 」 ， 看 完真 有種 太 他 X 值得 的 欣喜 感 ， 謝謝 你 替 我圍 上 圍巾 ， 謝謝 創哥 和 Mappa 給了 巨人 粉絲 一次 在 大銀幕 補 完 的 機會 ， 能 跟 你 們 一起 看電影 真的 很 開心 。
f1082fd2f10745c0,中国,完结两年后又从头到尾重刷了一遍，于是在这里标记一下 第四季地鸣后的剧情当时不是很喜欢已经印象不深，于是重看又被这些瞬间震撼到，Gabi和Sasha重合的背影，Armin在屋檐上一跃而下，重新换上旧式的调查兵团制服的教官，还有最后韩吉说巨人真是太好了……?? 现在觉得这个结局真的已经很厉害了，最后两方人围着营火的对话，分镜是一片片昏暗的被树枝切碎的天空，死者的意义由生者决定，我们何时能走够出丛林……,完结 两年 后 又 从头到尾 重刷 了 一遍 ， 于是 在 这里 标记 一下   第四季 地鸣 后 的 剧情 当时 不是 很 喜欢 已经 印象 不深 ， 于是 重看 又 被 这些 瞬间 震撼 到 ， Gabi 和 Sasha 重合 的 背影 ， Armin 在 屋檐 上 一跃 而 下 ， 重新 换上 旧式 的 调查 兵团 制服 的 教官 ， 还有 最后 韩吉说 巨人 真是 太好了 … … ??   现在 觉得 这个 结局 真的 已经 很 厉害 了 ， 最后 两方 人 围着 营火 的 对话 ， 分镜 是 一片片 昏暗 的 被 树枝 切碎 的 天空 ， 死者 的 意义 由生者 决定 ， 我们 何时能 走够 出 丛林 … …
f1126c89d46c4663,中国,就是最终完结篇的前篇和后篇连起来做成的电影，追了十年巨人对这个结局还算满意吧，问题在于画面崩坏有点多。正如片尾艾伦所说，他试过很多种方法也改变不了结局，只有杀掉80%人让伙伴变成阻止他的英雄才能停止战争，让他这种蠢蛋拥有强大力量，对他本人来说是折磨。男主变反派，最后一杀普通人全变巨人，让三笠亲手杀了艾伦太残忍了，结局巨人力量消失，大家也变回普通人，曾经死去的的人影再现也是种慰藉。和平了一段时间，三笠直到死也带着那条围巾，多年后战争又开始，男孩走进埋葬艾伦的树洞，巨人新的轮回又开始。加了彩蛋，未来的三人在电影院看完电影结束讨论着结局。,就是 最终 完结篇 的 前 篇 和 后 篇 连 起来 做成 的 电影 ， 追 了 十年 巨人 对 这个 结局 还 算 满意 吧 ， 问题 在于 画面 崩坏 有点 多 。 正如 片尾 艾伦 所说 ， 他试 过 很 多种 方法 也 改变 不了 结局 ， 只有 杀掉 80% 人 让 伙伴 变成 阻止 他 的 英雄 才能 停止 战争 ， 让 他 这种 蠢蛋 拥有 强大 力量 ， 对 他 本人 来说 是 折磨 。 男主变 反派 ， 最后 一杀 普通人 全变 巨人 ， 让 三笠 亲手 杀 了 艾伦 太 残忍 了 ， 结局 巨人 力量 消失 ， 大家 也 变回 普通人 ， 曾经 死去 的 的 人影 再现 也 是 种 慰藉 。 和平 了 一段时间 ， 三笠 直到 死 也 带 着 那条 围巾 ， 多年 后 战争 又 开始 ， 男孩 走进 埋葬 艾伦 的 树洞 ， 巨人 新 的 轮回 又 开始 。 加 了 彩蛋 ， 未来 的 三人 在 电影院 看 完 电影 结束 讨论 着 结局 。
8d98482b64954544,中国,终于看完了，一直听说看到最后就好了，看到后面就好了，就像老太太的裹脚布一样又臭又长，看完只想说 就这？ 啰啰嗦嗦，每集回闪回忆等等真的让人很烦。 好的故事一定是迫不及待的想往下看，巨人是啰嗦拖拉但是说这个剧很厉害所以逼自己看下去，累 唯一好的点是基本上每个人物都花时间刻画了，这就导致这个人物死的时候你会真情实感的感觉到难过，伤心。 画风就不想吐槽了，你以为是一部动漫，实际是个恐怖片，经常搞些恶心人的东西出来吓死你,终于 看 完 了 ， 一直 听说 看到 最后 就 好 了 ， 看到 后面 就 好 了 ， 就 像 老太太 的 裹脚布 一样 又臭又长 ， 看 完 只 想 说   就 这 ？   啰啰嗦嗦 ， 每集 回闪 回忆 等等 真的 让 人 很烦 。   好 的 故事 一定 是 迫不及待 的 想 往 下 看 ， 巨人 是 啰嗦 拖拉 但是 说 这个 剧 很 厉害 所以 逼 自己 看 下去 ， 累   唯一 好 的 点 是 基本上 每个 人物 都 花 时间 刻画 了 ， 这 就 导致 这个 人物 死 的 时候 你 会 真情实感 的 感觉 到 难过 ， 伤心 。   画风 就 不想 吐槽 了 ， 你 以为 是 一部 动漫 ， 实际 是 个 恐怖片 ， 经常 搞些 恶心 人 的 东西 出来 吓死 你
811be6f6d8d44e5b,中国,池袋看的，工作日下午，影院除了前四排都是满员。1.同去友人提出，弗洛克死亡分镜没剪辑有张力版本略遗憾。2.前两章总体好于后两章。韩吉牺牲，感谢艾伦消灭巨人之力（你这不是胡扯），砍头那儿绷不住狂笑，重看仍然是毫无意义的桥段。jsc垂“死”挣扎，不是写以浓墨感情就能掩盖。艾伦和阿明的谈话应该在飞行艇以道路结束，带着强烈地辖制和惊恐，两人最终失去了和解的全部可能，互相留存的应只有过去尚未面对真正难题前的惺惺相惜。三笠听到艾伦在非平行世界的最后一句话是“我非常讨厌你”。（艾伦最后充满爱意的眼神也删掉了，知道吃妈巨真相的阿明镜头也过短）作品虽然名义上结束了，但对其解读仍可进击。后半程实在过于“无奈”。3.巨人仍然完成度较高，作者水平超高，值得反复阅读观看和思考。影院巨大声音击穿我的身体！战争巨帅啊！地鸣效果好,池袋 看 的 ， 工作日 下午 ， 影院 除了 前 四排 都 是 满员 。 1 . 同去 友人 提出 ， 弗 洛克 死亡 分镜 没 剪辑 有 张力 版本 略 遗憾 。 2 . 前 两章 总体 好于 后 两章 。 韩吉 牺牲 ， 感谢 艾伦 消灭 巨人 之力 （ 你 这 不是 胡扯 ） ， 砍头 那儿 绷 不住 狂笑 ， 重看 仍然 是 毫无意义 的 桥段 。 jsc 垂 “ 死 ” 挣扎 ， 不是 写以 浓墨 感情 就 能 掩盖 。 艾伦 和 阿明 的 谈话 应该 在 飞行 艇 以 道路 结束 ， 带 着 强烈 地 辖制 和 惊恐 ， 两人 最终 失去 了 和解 的 全部 可能 ， 互相 留存 的 应 只有 过去 尚未 面对 真正 难题 前 的 惺惺相惜 。 三笠 听到 艾伦 在 非 平行 世界 的 最后 一句 话 是 “ 我 非常 讨厌 你 ” 。 （ 艾伦 最后 充满 爱意 的 眼神 也 删掉 了 ， 知道 吃 妈 巨 真相 的 阿明 镜头 也 过 短 ） 作品 虽然 名义 上 结束 了 ， 但 对 其 解读 仍 可 进击 。 后半程 实在 过于 “ 无奈 ” 。 3 . 巨人 仍然 完成度 较 高 ， 作者 水平 超高 ， 值得 反复 阅读 观看 和 思考 。 影院 巨大 声音 击穿 我 的 身体 ！ 战争 巨帅 啊 ！ 地鸣 效果 好
bc8f38fbdc964242,中国,呜呜呜呜我也是9号厅，哭累了呜呜呜呜呜呜呜（mikasa变misamisa了，好可爱啊,呜呜 呜呜 我 也 是 9 号 厅 ， 哭累 了 呜 呜呜 呜呜 呜呜 （ mikasa 变 misamisa 了 ， 好 可爱 啊
64cfca1badd042e4,中国,電影版最後的結尾太棒了。,電 影版 最後的 結尾 太棒了 。
a068907287e14b21,中国,问：为什么巨人的口碑在21年烂尾之后，现在突然回升了，豆瓣还能有9分的高分？ 答：因为没热度了，粉丝都提纯了，现在就一小圈子报团取暖，风评就被扭回来了呗。对巨人失望的大多人已经不关注巨人了，结果就剩下一群过度解读的粉丝在高强度做时空警察对线,问 ： 为什么 巨人 的 口碑 在 21 年 烂尾 之后 ， 现在 突然 回升 了 ， 豆瓣 还 能 有 9 分 的 高分 ？   答 ： 因为 没 热度 了 ， 粉丝 都 提纯 了 ， 现在 就 一 小圈子 报团 取暖 ， 风评 就 被 扭 回来 了 呗 。 对 巨人 失望 的 大多 人 已经 不 关注 巨人 了 ， 结果 就 剩下 一群 过度 解读 的 粉丝 在 高强度 做 时空 警察 对线
16beb361535b4508,中国,这回终于是真正的完结了。巨人消失了，但战争还在，纷争还在，因为，我们是愚蠢的人类。 watch on Netflix,这回 终于 是 真正 的 完结 了 。 巨人 消失 了 ， 但 战争 还 在 ， 纷争 还 在 ， 因为 ， 我们 是 愚蠢 的 人类 。   watch   on   Netflix
6768ea5b9b024c41,中国,神作。没有之一。所谓极致就是如此了。,神作 。 没有 之一 。 所谓 极致 就是 如此 了 。
9bb82a3ad75742ba,中国,右派独有的反思，自以为接受了世界，故作成熟地思考悲剧，却看不到表象之下的历史与逻辑,右派 独有 的 反思 ， 自 以为 接受 了 世界 ， 故作 成熟 地 思考 悲剧 ， 却 看不到 表象 之下 的 历史 与 逻辑
de472a5fa49342bc,中国,如果你硬要生的话，那么：接受世界的不完美，但尽力让它变得更好；即使最终失败，也不要主动放弃所有希望；然后无愧无悔的死去。,如果 你 硬 要生 的话 ， 那么 ： 接受 世界 的 不 完美 ， 但 尽力 让 它 变得 更好 ； 即使 最终 失败 ， 也 不要 主动 放弃 所有 希望 ； 然后 无愧 无悔 的 死去 。
0694de59cf3241bc,中国,发现美高彩蛋动画加了个小彩虹旗,发现 美高 彩蛋 动画 加 了 个 小 彩虹 旗
951e5860d8da4b6c,中国,喜欢这个三人结尾,喜欢 这个 三人 结尾
c9578b5cbd25409f,中国,自己一个人来看真是太好了，因为实在哭的太惨了。。散场出来看到工作人员收爆米花桶，另一边有一些拿着爆米花和可乐等着进场的人，过着平和的日常真是太好了。灯亮起后坐在后面的男生说，これで本当に終わったんだな進撃。??????！！！,自己 一个 人 来看 真是 太好了 ， 因为 实在 哭 的 太 惨 了 。 。 散场 出来 看到 工作人员 收 爆米花 桶 ， 另一边 有 一些 拿 着 爆米花 和 可乐 等 着 进场 的 人 ， 过 着 平和 的 日常 真是 太好了 。 灯亮 起后 坐在 后面 的 男生 说 ， こ れ で 本当 に 終 わ っ た ん だ な 進 撃 。 ?? ?? ?? ！ ！ ！
5dc3ac1519c04d2d,中国,第二次看，燃得要死也哭得要死，从艾伦说对不起就开始哭，一路哭到结尾。屠龙少年终成恶龙。塔塔开！,第二次 看 ， 燃得 要死 也 哭 得 要死 ， 从 艾伦 说 对不起 就 开始 哭 ， 一路 哭 到 结尾 。 屠龙 少年 终成 恶龙 。 塔塔开 ！
4fce6c043ad443ff,中国,（我是第3000个评价诶）25.3.2 Vue West End 1号小厅还坐挺满的，就是屏幕小，下次要坐前排...其实一直没看TV最近正好有着急兑换的电影票就决定来看了，然后临时恶补八十多集的剧情头晕眼花，还好电影里主要就是打打打说说说，拖了两个半小时也大概看明白了：祸端由女人恋爱脑而起，最后还得靠女人挥泪斩情丝拯救世界，就算拯救了也没用，因为有人类的地方就有无穷的杀戮，但是一代人有一代人的战场吧，壮烈了主要就是图个心安（感觉男二比女主还爱男主啊，这仨人就是相爱相杀的和谐一家吗,（ 我 是 第 3000 个 评价 诶 ） 25.3 . 2   Vue   West   End   1 号 小厅 还 坐 挺 满 的 ， 就是 屏幕 小 ， 下次 要 坐 前排 ... 其实 一直 没看 TV 最近 正好 有 着急 兑换 的 电影票 就 决定 来看 了 ， 然后 临时 恶补 八十多 集 的 剧情 头晕眼花 ， 还好 电影 里 主要 就是 打打 打说 说 说 ， 拖 了 两个 半小时 也 大概 看 明白 了 ： 祸端 由 女人 恋爱 脑而起 ， 最后 还 得 靠 女人 挥泪 斩 情丝 拯救 世界 ， 就算 拯救 了 也 没用 ， 因为 有 人类 的 地方 就 有 无穷的 杀戮 ， 但是 一代人 有 一代人 的 战场 吧 ， 壮烈 了 主要 就是 图个 心安 （ 感觉 男二比 女主 还 爱 男主 啊 ， 这 仨 人 就是 相爱 相杀 的 和谐 一家 吗
fe17a6fdef4c4b3c,中国,不看后悔，看了也后悔,不看 后悔 ， 看 了 也 后悔
151d1dbb2ee641cd,中国,一年了也没啥优化槽点还是很多，但眼睛还是尿尿了。 5250人9.3?,一年 了 也 没 啥 优化 槽 点 还是 很多 ， 但 眼睛 还是 尿 尿 了 。   5250 人 9.3 ?
4245146abb724f00,中国,完全没看过剧版，还是挺震撼的。,完全 没 看过 剧版 ， 还是 挺 震撼 的 。
8855fbcf2e1f4786,中国,假设上面的设定成立，墙外的艾尔迪亚人就是如此充满奴性的卑贱民族，那第四季主角团的圣母般的”大义灭亲“仍旧非常不合理。为了拯救世界，屠杀自己所有族人的宇助波鼬的行为如果还能勉强理解；那为了拯救世界，去献祭自己同胞几十万人，去手刃同袍，仍然坚信这是“正义”的圣母，这样的人都恰好聚集在调查兵团主角团里面，就令人难以置信了。 作者想将主角团置于和最开始莱纳潜入墙内一样的境地，但”战士“们一来有亲属做人质，二来有长久的洗脑教育，最后还经历反复退缩甚至精神崩溃才做到这一步的。主角团喊着”等价交换“，就能扯着大义的旗去牺牲岛内的人？为了完成这畸形的英雄壮举还要手刃同袍。如果说因为他们的亲属多半已经葬身巨人之口，立场已经站在大陆人那边，那将岛内同胞全部卖掉这点简直是恶魔行径。 我想不到合理化他们动机,假设 上面 的 设定 成立 ， 墙外 的 艾尔迪亚人 就是 如此 充满 奴性 的 卑贱 民族 ， 那 第四季 主角 团 的 圣母 般的 ” 大义灭亲 “ 仍旧 非常 不合理 。 为了 拯救 世界 ， 屠杀 自己 所有 族人 的 宇助波 鼬 的 行为 如果 还 能 勉强 理解 ； 那 为了 拯救 世界 ， 去 献祭 自己 同胞 几十万 人 ， 去 手刃 同袍 ， 仍然 坚信 这是 “ 正义 ” 的 圣母 ， 这样 的 人 都 恰好 聚集 在 调查 兵团 主角 团 里面 ， 就 令人 难以置信 了 。   作者 想 将 主角 团 置于 和 最 开始 莱纳 潜入 墙内 一样 的 境地 ， 但 ” 战士 “ 们 一来 有 亲属 做 人质 ， 二来 有 长久 的 洗脑 教育 ， 最后 还 经历 反复 退缩 甚至 精神 崩溃 才 做到 这 一步 的 。 主角 团喊 着 ” 等价交换 “ ， 就 能 扯 着 大义 的 旗 去 牺牲 岛内 的 人 ？ 为了 完成 这 畸形 的 英雄 壮举 还要 手刃 同袍 。 如果说 因为 他们 的 亲属 多半 已经 葬身 巨人 之口 ， 立场 已经 站 在 大陆 人 那边 ， 那 将 岛内 同胞 全部 卖掉 这点 简直 是 恶魔 行径 。   我 想不到 合理化 他们 动机
5a8a1789710544b3,中国,为了彩蛋,为了 彩蛋
8c8999fe3afd4578,中国,令人震惊的剧场版…残酷的反战悲歌……,令人震惊 的 剧场版 … 残酷 的 反战 悲歌 … …
481dc28e7b0b4e84,中国,???25.3.19新店裕隆城威秀 來到海的那邊，在一個想象中沒有限制的自由新世界，發現它並非我以為的那樣，然後坦然接受與試圖了解。 看完彩蛋，淚流滿面和角色們認真告別了。幾年來受到的創傷被毫無保留地看見與撫慰。 最觸動的還是有人看見落葉，有人看見棒球，“可能我就是為了與ta們一起奔跑的那一刻活著吧”“可能我就是為了和你玩拋接球才活著吧”。 也越來越切身體會到跨過仇恨的血海，嘗試去理解的力量，就像阿爾敏始終會去握住艾倫的手，擁抱他。這個世界越是分化與割裂，我們就渴望聯結。 而“一個像我這樣的蠢蛋，獲得了巨大力量”也是真的，世上有太多具有偽飾性的精明蠢蛋。 對三笠而言，親手斬斷執念下的支配，才獲得深深銘記的愛與自由。 賈碧法爾柯一起種樹致敬flipped，理解與重新開始。 但性別意識還是落後。,?? ? 25.3 . 19 新店 裕隆 城威秀   來 到 海 的 那邊 ， 在 一個 想象 中 沒 有 限制 的 自由 新世界 ， 發現 它 並非 我 以 為 的 那樣 ， 然 後 坦然 接受 與 試圖 了解 。   看 完 彩蛋 ， 淚流 滿面 和 角色 們 認真 告別 了 。 幾年 來 受到 的 創傷 被 毫無 保留地 看見 與 撫慰 。   最觸動 的 還是 有人 看見 落葉 ， 有人 看見 棒球 ， “ 可能 我 就是 為 了 與 ta 們 一起 奔跑 的 那一刻 活著 吧 ” “ 可能 我 就是 為 了 和 你 玩 拋 接球 才 活著 吧 ” 。   也 越來 越 切身 體會 到 跨過 仇恨 的 血海 ， 嘗試 去 理解 的 力量 ， 就 像 阿爾敏始 終會 去 握住 艾倫 的 手 ， 擁抱 他 。 這個 世界 越是 分化 與 割裂 ， 我們 就 渴望 聯結 。   而 “ 一個 像 我 這樣 的 蠢蛋 ， 獲得 了 巨大力量 ” 也 是 真的 ， 世上 有太多 具有 偽飾性 的 精明 蠢蛋 。   對三笠 而言 ， 親手 斬斷 執念下 的 支配 ， 才 獲得 深深 銘記 的 愛與 自由 。   賈碧法爾柯 一起 種樹 致敬 flipped ， 理解 與 重新 開始 。   但 性別 意識 還是 落 後 。
0f8e19980aea4b7a,中国,没看完弃了，以为是新的，不忍看第二遍了,没看 完弃 了 ， 以为 是 新 的 ， 不忍 看 第二遍 了
dfc13937a43645da,中国,可惡啊戰鬥和文戲還是那麼好看除了海邊ea對話。。,可惡 啊 戰鬥 和文 戲還 是 那麼 好看 除了 海邊 ea 對話 。 。
702150650d834790,中国,把最终季的完结篇打包成电影在大荧幕上上映是日本动漫公司现今最爱的操作了，多赚一笔的举动也无可厚非。唯一的亮点或许在结尾的彩蛋，原来答案从一开始就已经揭晓了。(动漫第一季第一集标题：献给两千年后的自己…),把 最终 季 的 完结篇 打包 成 电影 在 大 荧幕 上 上映 是 日本 动漫 公司 现今 最爱 的 操作 了 ， 多 赚 一笔 的 举动 也 无可厚非 。 唯一 的 亮点 或许 在 结尾 的 彩蛋 ， 原来 答案 从 一 开始 就 已经 揭晓 了 。 ( 动漫 第一季 第一集 标题 ： 献给 两千年 后 的 自己 … )
7a2beb468b454806,中国,在全场满座里重温一次最后篇章，还是在韩吉牺牲的时候流下眼泪。虽然坐了两个多小时只为了那几分钟的彩蛋，但是看到艾三阿三人组也跟我们一样，对着屏幕吃着爆米花，又觉得好像就是一星半点多的新物料也珍惜。我爱AOT. Cineplex. IV.,在 全场 满座 里 重温 一次 最后 篇章 ， 还是 在 韩吉 牺牲 的 时候 流下 眼泪 。 虽然 坐 了 两个 多 小时 只 为了 那 几分钟 的 彩蛋 ， 但是 看到 艾三阿三人组 也 跟 我们 一样 ， 对 着 屏幕 吃 着 爆米花 ， 又 觉得 好像 就是 一星半点 多 的 新 物料 也 珍惜 。 我 爱 AOT .   Cineplex .   IV .
49f2363d76224af0,中国,屯门新都英皇，最终特典场。虽然剧情已然二刷，但实在太好哭了，终于在大银幕前完成对近十年最爱动漫的致敬。,屯门 新 都 英皇 ， 最终 特典 场 。 虽然 剧情 已然 二刷 ， 但 实在 太好 哭 了 ， 终于 在 大 银幕 前 完成 对 近十年 最 爱 动漫 的 致敬 。
37f5dacdd9f741c7,中国,军国主义倭人的狼子野心终究还是暴露了。 艾伦的坟头不过是另一种形式的靖国鬼厕罢了。一个甲级战犯搞得跟他妈圣人似的。 倭人对战争的核心反思永远只是自己在事后遭受了多少惩罚，而不是自己对受害者做过的错事。这种思想被包装美化成了“反战”，本质上实质上却只是“反战败”。,军国主义 倭人 的 狼子野心 终究 还是 暴露 了 。   艾伦 的 坟头 不过 是 另 一种 形式 的 靖国 鬼厕 罢了 。 一个 甲级战犯 搞 得 跟 他 妈 圣人 似的 。   倭人 对 战争 的 核心 反思 永远 只是 自己 在 事后 遭受 了 多少 惩罚 ， 而 不是 自己 对 受害者 做过 的 错事 。 这种 思想 被 包装 美化 成 了 “ 反战 ” ， 本质 上 实质 上 却 只是 “ 反 战败 ” 。
c23a6bffc9204ab0,中国,十多年的等待,十多年 的 等待
c11e96eb435345ea,中国,写实动漫。进击巨人之力，就是巨大的权力，最后给世界带来巨大灾难。,写实 动漫 。 进击 巨人 之力 ， 就是 巨大 的 权力 ， 最后 给 世界 带来 巨大 灾难 。
bef817a7aef6465e,中国,三笠真的超级爱，我真的很不喜欢男主，从头到尾都不喜欢男主。兵长是我的男神。,三笠 真的 超级 爱 ， 我 真的 很 不 喜欢 男主 ， 从头到尾 都 不 喜欢 男主 。 兵长 是 我 的 男神 。
61c4324618794b3f,中国,相当于又刷了一遍，不过，彩蛋里高高的兵长帅爆了，“能和你们一起看这个电影真的很开心，如果有一天他们出了续集，我们也一起去看吧”～致永远的自由之翼～,相当于 又 刷 了 一遍 ， 不过 ， 彩蛋 里 高高的 兵长帅 爆 了 ， “ 能 和 你们 一起 看 这个 电影 真的 很 开心 ， 如果 有 一天 他们 出 了 续集 ， 我们 也 一起 去 看吧 ” ～ 致 永远 的 自由 之翼 ～
9e05f8c86a2b43a0,中国,彩蛋好玩,彩蛋 好玩
047aef9db88e4cfe,中国,三笠最后砍头的心理活动： 没有让那天成为最后一面，太好了，艾伦，我们又见面了。,三笠 最后 砍头 的 心理 活动 ：   没有 让 那天 成为 最后 一面 ， 太好了 ， 艾伦 ， 我们 又 见面 了 。
1c93044c283946de,中国,一百年后的兵长成清洁工了,一百年 后 的 兵 长成 清洁工 了
10473320595243b8,中国,感动之余还是好震撼，不知道什么时候还能看到这样的作品了，还有彩蛋里三人组里阿尔敏和三笠变成阴暗hot nerd男、哥特女挺可爱的。,感动 之 余 还是 好 震撼 ， 不 知道 什么 时候 还 能 看到 这样 的 作品 了 ， 还有 彩蛋 里 三人 组里 阿尔敏 和 三笠 变成 阴暗 hot   nerd 男 、 哥特 女挺 可爱 的 。
b6bdd5597f524625,中国,5 这次是真的结束了，人设是否崩塌，剧情是否烂尾，伏笔是否收回，这些问题都已经不重要了，我只想由衷的对这部陪伴了我这么多年的作品说一声：谢谢,5   这次 是 真的 结束 了 ， 人设 是否 崩塌 ， 剧情 是否 烂尾 ， 伏笔 是否 收回 ， 这些 问题 都 已经 不 重要 了 ， 我 只 想 由衷 的 对 这部 陪伴 了 我 这么 多年 的 作品 说 一声 ： 谢谢
3566aff9d95940f1,中国,其实看之前纠结了一晚上要不要找J一起去看，毕竟当时说好了要一起。但最后还是决定自己去，“不要再依赖对方的回应来验证这段回忆的价值”。,其实 看 之前 纠结 了 一 晚上 要 不要 找 J 一起 去 看 ， 毕竟 当时 说好 了 要 一起 。 但 最后 还是 决定 自己 去 ， “ 不要 再 依赖 对方 的 回应 来 验证 这 段 回忆 的 价值 ” 。
ad59251d7ee34335,中国,这个影院版是最终季合集吧，看到阿伦和阿明深情对视还是以为他们要结吻,这个 影院 版 是 最终 季 合集 吧 ， 看到 阿伦 和 阿明 深情 对视 还是 以为 他们 要 结吻
06624ebd31034d95,中国,二合一而已,二合一 而已
f20636db98ff4e13,中国,四星,四星
9c4d1c8950a6465c,中国,艾伦以为杀了墙外80%的人，就能让帕拉迪岛获得自由，结果自己被女友三笠砍掉脑袋，20年后战争还是爆发了，帕拉迪岛依旧被夷为平地,艾伦 以为 杀 了 墙外 80% 的 人 ， 就 能 让 帕拉迪 岛 获得 自由 ， 结果 自己 被 女友 三笠 砍掉 脑袋 ， 20 年 后 战争 还是 爆发 了 ， 帕拉迪 岛 依旧 被 夷为平地
be527c878af94b90,中国,aot真的太伟大了,aot 真的 太 伟大 了
cb6ed433fb984e4c,中国,好棒的彩蛋，一百年后,好 棒 的 彩蛋 ， 一百年 后
bc853e17f60343da,中国,片尾加了电影院的新彩蛋。,片尾 加 了 电影院 的 新 彩蛋 。
215bebb271264d33,中国,（隔天早上起来赶飞机还在后劲中…）2.25德国上映，买到了原声英字场次，还成功拉了一个朋友上车（两周补完四季她也是勇士qaq），进影院电子屏上上下下都是AOT海报，人头攒动有如粉丝包场，等待开播的影厅氛围也像过节。好笑的地方不管在哪个部分全场都会大笑，（我）痛苦的地方则听不到什么声音，不知道是隐没在了电影的声效中，还是只是沉默。倒是开场时此起彼伏的嚼爆米花声后来也基本消失了。我自己从两个小孩倒下的时候就控制不住眼泪了，以至于到后面只是持续在哭……且还不断有新的刺激加入：）离第一次看完结篇已经过了将近一年半，许多细节都不记得了，所以比如看见萨沙再次出现时几乎完全哽住。像敏说的，第一次看时更多是冲击，回顾尽是悲伤。エレン、いってらっしゃい。但是彩蛋真好，艾伦就是那样的孩子。为了孩子能走出森林。,（ 隔天 早上 起来 赶 飞机 还 在 后劲 中 … ） 2.25 德国 上映 ， 买到 了 原声 英字 场次 ， 还 成功 拉 了 一个 朋友 上车 （ 两周 补完 四季 她 也 是 勇士 qaq ） ， 进影院 电子屏 上上下下 都 是 AOT 海报 ， 人头攒动 有如 粉丝 包场 ， 等待 开播 的 影厅 氛围 也 像 过节 。 好笑 的 地方 不管 在 哪个 部分 全场 都 会 大笑 ， （ 我 ） 痛苦 的 地方 则 听 不到 什么 声音 ， 不 知道 是 隐没 在 了 电影 的 声效 中 ， 还是 只是 沉默 。 倒 是 开场 时 此起彼伏 的 嚼 爆米花 声 后来 也 基本 消失 了 。 我 自己 从 两个 小孩 倒下 的 时候 就 控制 不住 眼泪 了 ， 以至于 到 后面 只是 持续 在 哭 … … 且 还 不断 有 新 的 刺激 加入 ： ） 离 第一次 看 完结篇 已经 过 了 将近 一年 半 ， 许多 细节 都 不 记得 了 ， 所以 比如 看见 萨沙 再次出现 时 几乎 完全 哽住 。 像敏 说 的 ， 第一次 看时 更 多 是 冲击 ， 回顾 尽 是 悲伤 。 エ レ ン 、 い っ て ら っ し ゃ い 。 但是 彩蛋 真 好 ， 艾伦 就是 那样 的 孩子 。 为了 孩子 能 走出 森林 。
9a2dfaa052024b42,中国,非常棒，剧场版还有个挺有意思的彩蛋。,非常 棒 ， 剧场版 还有 个 挺 有意思 的 彩蛋 。
61dff302ed7e47d0,中国,贺岁档终于有一个能看的了 一个完结 画面很美,贺岁 档 终于 有 一个 能 看 的 了   一个 完结   画面 很 美
11783f24c3914c8f,中国,神作 最后能在电影院终结 也是最好的归宿 多希望那些只是一场电影 一场梦,神作   最后 能 在 电影院 终结   也 是 最好 的 归宿   多 希望 那些 只是 一场 电影   一场 梦
f839a180cb654023,中国,"以十年全本为基础的总集，在Final Season, Final Chapters ,Part 1,Part2之后的最终的最终。世界摆脱了巨人的统治，但没有摆脱战争。态度再明确不过了吧。彩蛋的官方吐槽最为致命，观众真难伺候，留白不懂欣赏，直白又不合心意。","以 十年 全本 为 基础 的 总集 ， 在 Final   Season ,   Final   Chapters   , Part   1 , Part2 之后 的 最终 的 最终 。 世界 摆脱 了 巨人 的 统治 ， 但 没有 摆脱 战争 。 态度 再 明确 不过 了 吧 。 彩蛋 的 官方 吐槽 最为 致命 ， 观众 真 难 伺候 ， 留白 不 懂 欣赏 ， 直白 又 不合 心意 。"
d4852dfd022e444f,中国,十周年场 一个彩蛋值回一张电影票,十周年 场   一个 彩蛋 值回 一张 电影票
0f850db062b04065,中国,彩蛋也好好看,彩蛋 也好 好看
44cb1af0947848a3,中国,人类不是因为艾尔迪亚人存在才会互相残杀，而是因为人类天生就会制造敌人。 艾伦杀了80%的人，以为帕拉迪岛能获得自由，但20年后战争还是爆发了，帕拉迪岛依旧被夷为平地。世界的仇恨不会因为消灭一部分人就消失，它只会换个形式再回来。人类的问题从来不是「谁活着」，而是「如何活着」。 真想大喊「人类灭绝是必然的你少管！！」 看到最后又无可避免地流泪。人类还蛮可怜的，脆弱，仓皇，有所求，急迫，不得满足，像一群四处寻找庇护的、饥寒恐惧的羊。但人又是那样执拗，在一艘漏水的船上，肉眼可见愈来愈多的缝隙，明知是徒劳，可还是要尽自己所能去舀，用尽所有身躯去堵，和《卡拉马佐夫兄弟》里说的那样，「就是想活下去，我愣是活着，哪怕不合逻辑。」 我们人类自愿灭绝派早就看清了，不生孩子屁事没有，少生一个孩子就是挽救一条生命！,人类 不是 因为 艾尔迪亚人 存在 才 会 互相残杀 ， 而是 因为 人类 天生 就 会 制造 敌人 。   艾伦 杀 了 80% 的 人 ， 以为 帕拉迪 岛能 获得 自由 ， 但 20 年 后 战争 还是 爆发 了 ， 帕拉迪 岛 依旧 被 夷为平地 。 世界 的 仇恨 不会 因为 消灭 一部分 人 就 消失 ， 它 只会 换个 形式 再 回来 。 人类 的 问题 从来不 是 「 谁 活着 」 ， 而是 「 如何 活着 」 。   真想 大喊 「 人类 灭绝 是 必然 的 你 少管 ！ ！ 」   看到 最后 又 无可避免 地 流泪 。 人类 还 蛮 可怜 的 ， 脆弱 ， 仓皇 ， 有 所求 ， 急迫 ， 不得 满足 ， 像 一群 四处寻找 庇护 的 、 饥寒 恐惧 的 羊 。 但 人 又 是 那样 执拗 ， 在 一艘 漏水 的 船上 ， 肉眼 可见 愈来愈多 的 缝隙 ， 明知 是 徒劳 ， 可 还是 要 尽 自己 所能 去 舀 ， 用尽 所有 身躯 去 堵 ， 和 《 卡拉 马佐夫 兄弟 》 里 说 的 那样 ， 「 就是 想 活下去 ， 我 愣 是 活着 ， 哪怕 不合逻辑 。 」   我们 人类 自愿 灭绝 派 早就 看清 了 ， 不生 孩子 屁事 没有 ， 少生 一个 孩子 就是 挽救 一条 生命 ！
f43e7fddbbb94245,中国,全影院上下哭成一片，我单方面宣布和谏山创和解。艾伦绝非小丑，巨人也不是我曾以为的历史循环论拥趸！只是可惜了国内的巨人粉们和粉转路转黑们，如果大家都能在影院里迎接这场迟来的和解该多好。,全 影院 上下 哭 成 一片 ， 我 单方面 宣布 和 谏 山创 和解 。 艾伦 绝非 小丑 ， 巨人 也 不是 我 曾 以为 的 历史 循环论 拥 趸 ！ 只是 可惜 了 国内 的 巨人 粉们 和 粉 转路 转 黑们 ， 如果 大家 都 能 在 影院 里 迎接 这场 迟来 的 和解 该 多 好 。
1f5a51f4a8124f7c,中国,2分完全是给作画和分镜，也感谢动画组保留了 最后帕岛被夷为平地的结局，没看过漫画，但知道这个结局才看到的，PS没想到三立还结婚了，真的是跳梁小丑的剧情，没梗硬编后面的反转，如果在第三季结局就留白还好，非要填坑强行反转。最后恭喜阿尔敏获得绿卡,2 分 完全 是 给 作画 和 分镜 ， 也 感谢 动画 组 保留 了   最后 帕岛 被 夷为平地 的 结局 ， 没 看过 漫画 ， 但 知道 这个 结局 才 看到 的 ， PS 没想到 三立 还 结婚 了 ， 真的 是 跳梁小丑 的 剧情 ， 没梗硬编 后面 的 反转 ， 如果 在 第三季 结局 就 留白 还好 ， 非要 填坑 强行 反转 。 最后 恭喜 阿尔敏 获得 绿卡
0990f0723b8b4e4e,中国,真的看哭了 也是我的11年啊。。最后的彩蛋好棒呜呜呜,真的 看 哭 了   也 是 我 的 11 年 啊 。 。 最后 的 彩蛋 好棒 呜呜 呜
e3ce7cc503384a58,中国,"依然忘不了那个海以及团长那点私心。作为一个历史专业的人，永远都会有一个疑问,老师！墙的另外一边究竟是什么呢？现实与历史在漫画中交错，一部极其优秀的漫画，即使收尾有些仓促。 エルン～海だ！","依然 忘不了 那个 海 以及 团长 那点 私心 。 作为 一个 历史 专业 的 人 ， 永远 都 会 有 一个 疑问 , 老师 ！ 墙 的 另外 一边 究竟 是 什么 呢 ？ 现实 与 历史 在 漫画 中 交错 ， 一部 极其 优秀 的 漫画 ， 即使 收尾 有些 仓促 。   エ ル ン ～ 海 だ ！"
ce33023fcbd14dc3,中国,2025.3.13【MCL德福戲院】,2025.3 . 13 【 MCL 德福 戲院 】
d232de2f235d4488,中国,彩蛋有意思,彩蛋 有意思
70722fe9bba84b66,中国,在电影院里哭成狗。抽到想要的特典心里又美滋滋??,在 电影院 里 哭 成狗 。 抽到 想要 的 特典 心里 又 美滋滋 ??
a5a0798896f54a14,中国,《进击的巨人》的结局以悲剧性的方式结束，但它通过探索战争、自由、牺牲等复杂主题，为观众提供了深刻反思空间。尽管争议不断，这一结局无疑是近年来最具影响力和讨论度的一部动画作品。 主角们承认自己的失败及其计划的不完美，反而增强了故事的人性深度～,《 进击 的 巨人 》 的 结局 以 悲剧性 的 方式 结束 ， 但 它 通过 探索 战争 、 自由 、 牺牲 等 复杂 主题 ， 为 观众 提供 了 深刻反思 空间 。 尽管 争议 不断 ， 这一 结局 无疑 是 近年来 最具 影响力 和 讨论 度 的 一部 动画 作品 。   主角 们 承认 自己 的 失败 及其 计划 的 不 完美 ， 反而 增强 了 故事 的 人性 深度 ～
f12180fc78644afc,中国,完结撒花，从微小的故事中，切入和探讨大的问题，能够通过动画作品去表达和呈现关于战争的主题，看到人物在其中所坚守的信念，所做出的抉择，在音乐响起时，能够被燃到，动漫的魅力在此刻彰显,完结 撒花 ， 从 微小 的 故事 中 ， 切入 和 探讨 大 的 问题 ， 能够 通过 动画 作品 去 表达 和 呈现 关于 战争 的 主题 ， 看到 人物 在 其中 所 坚守 的 信念 ， 所 做出 的 抉择 ， 在 音乐 响起 时 ， 能够 被 燃到 ， 动漫 的 魅力 在 此刻 彰显
573162a1b95a4f49,中国,看得想死,看得 想 死
2b6c7e4b9fd7447a,中国,不是我有点受不了了进电影院发现就是前后篇拼在一起 崩溃了 直接转战隔壁影厅,不是 我 有点 受不了 了 进 电影院 发现 就是 前后 篇 拼在一起   崩溃 了   直接 转战 隔壁 影厅
52e2c247e6014121,中国,百年后他们会再遇见,百年 后 他们 会 再 遇见
37cd4fac7d224b14,中国,仙台TOHO。两个半小时静静地感受地鸣，战争，和平。韩吉的赴死看多少遍都会流泪。みんなみてるかな？这就是大家献出的心脏吧？电影院里始终有静静的抽泣声。承载了我十年的青春的作品，最后在电影院看完感慨万千……平行世界会是幸福的吧,仙台 TOHO 。 两个 半小时 静静地 感受 地鸣 ， 战争 ， 和平 。 韩吉 的 赴死 看 多少 遍 都 会 流泪 。 み ん な み て る か な ？ 这 就是 大家 献出 的 心脏 吧 ？ 电影院 里 始终 有 静静的 抽泣声 。 承载 了 我 十年 的 青春 的 作品 ， 最后 在 电影院 看 完 感慨万千 … … 平行 世界 会 是 幸福 的 吧
a4200745cb654201,中国,再看一遍，哎，完美~,再 看一遍 ， 哎 ， 完美 ~
f4e4a0029e2349b5,中国,就看了最后三分钟的彩蛋,就 看 了 最后 三分钟 的 彩蛋
49384690d4234698,中国,Epic. Japanese Grotesque/Sublime,Epic .   Japanese   Grotesque / Sublime
cd4fabc85017415b,中国,神剧 对复杂人性的深刻解读,神剧   对 复杂 人性 的 深刻 解读
cfab366f0d834b35,中国,只能说很难评,只能 说 很 难评
9fd6a02f65894a5d,中国,虽然艾伦以自己的死结束了巨人之力，但是世界的战争却并未因此而结束。现实世界何尝不是如此？但是只要有爱与信任，世界向着美好的方向发展也并非不可能。巨人无论看多少遍都是经典神番，艾伦与阿尔敏、三笠之间的友情永恒不灭。,虽然 艾伦 以 自己 的 死 结束 了 巨人 之力 ， 但是 世界 的 战争 却 并未 因此 而 结束 。 现实 世界 何尝 不是 如此 ？ 但是 只要 有 爱 与 信任 ， 世界 向着 美好 的 方向 发展 也 并非 不 可能 。 巨人 无论 看 多少 遍 都 是 经典 神番 ， 艾伦 与 阿尔敏 、 三笠 之间 的 友情 永恒 不 灭 。
5a24cd98493d4231,中国,MD 为什么烂尾？不然就是我2024年唯一一部全五星了！全十星我也愿意！最后十分钟莫名其妙啊我去！艾伦的终结戛然而止，怎么对得起所有那些壮烈牺牲。我对三笠与艾伦最终对峙的期待，如同等待整个宇宙覆灭人神共损只留唯一不变的那条真理，居然啥也没有，回归日式温情小清新，赔我的眼泪！最终仍是对人类悲观。人类愚蠢循环往复。我同意。PS：我不确定《哪吒2》在多伦多有多火，我只知道这部电影买不到票，所有场次都没票。今天多伦多下瓢泼大雪，开场前半小时有人退票，我才买到一张。坐我右边那位姑娘，泪流不止。,MD   为什么 烂尾 ？ 不然 就是 我 2024 年 唯一 一部 全 五星 了 ！ 全十星 我 也 愿意 ！ 最后 十分钟 莫名其妙 啊 我 去 ！ 艾伦 的 终结 戛然而止 ， 怎么 对得起 所有 那些 壮烈牺牲 。 我 对 三笠 与 艾伦 最终 对峙 的 期待 ， 如同 等待 整个 宇宙 覆灭 人神共损 只 留 唯一 不变 的 那条 真理 ， 居然 啥 也 没有 ， 回归 日式 温情 小 清新 ， 赔 我 的 眼泪 ！ 最终 仍 是 对 人类 悲观 。 人类 愚蠢 循环往复 。 我 同意 。 PS ： 我 不 确定 《 哪吒 2 》 在 多伦多 有多火 ， 我 只 知道 这部 电影 买不到 票 ， 所有 场次 都 没票 。 今天 多伦多 下 瓢泼 大雪 ， 开场 前 半小时 有人 退票 ， 我 才 买 到 一张 。 坐 我 右边 那位 姑娘 ， 泪流 不止 。
b73e6c45ef3e42e7,中国,8.0/10，进击的巨人最终季完结篇前篇+后篇+小彩蛋。,8.0 / 10 ， 进击 的 巨人 最终 季 完结篇 前篇 + 后篇 + 小 彩蛋 。
1942758ff2c84386,中国,彩蛋还挺有意思的。,彩蛋 还 挺 有意思 的 。
fb28af55934245e4,中国,只是不断在接球投球，其中没有任何意义，但是只是这样，就已经让我很满足了，我会想我是为了投球而出生的。 下雨天看书的时候，看松鼠吃掉我给的树果的时候，大家一起逛市场的时候，这些平凡的时刻对我非常重要...那一天风非常暖和，光是跑着就很舒服，看着枯叶漫天飞舞，那时不知为何我突然觉得，我是为了和他们一起赛跑，才出生在这个世界上的...,只是 不断 在 接球 投球 ， 其中 没有 任何 意义 ， 但是 只是 这样 ， 就 已经 让 我 很 满足 了 ， 我会 想 我 是 为了 投球 而 出生 的 。   下雨天 看书 的 时候 ， 看 松鼠 吃掉 我 给 的 树果 的 时候 ， 大家 一起 逛 市场 的 时候 ， 这些 平凡 的 时刻 对 我 非常 重要 ... 那 一天 风 非常 暖和 ， 光是 跑 着 就 很 舒服 ， 看着 枯叶 漫天 飞舞 ， 那时 不知 为何 我 突然 觉得 ， 我 是 为了 和 他们 一起 赛跑 ， 才 出生 在 这个 世界 上 的 ...
72f1670132614517,中国,9.3,9.3
801ad3cad9f242f9,中国,二月二十四日 震撼,二月 二十四日   震撼
1553b5d31ef94395,中国,#TOHOすすきの 妈的，看过再看还是说不出话来。,# TOHO す す き の   妈 的 ， 看过 再 看 还是 说不出 话 来 。
562fcfcb9561407b,中国,等了十年。人生有几个十年？青春的电影，大师远去。我们也将远去。,等 了 十年 。 人生 有 几个 十年 ？ 青春 的 电影 ， 大师 远去 。 我们 也 将 远去 。
817820468d704829,中国,在弗里茨王和艾伦之间，还有韩吉。如何成为像韩吉那样既不投降、也不疯狂，坚守正义的人，是我们每个人看完《进击的巨人》后都要不断思考的事。,在 弗里茨 王 和 艾伦 之间 ， 还有 韩吉 。 如何 成为 像 韩吉 那样 既 不 投降 、 也 不 疯狂 ， 坚守 正义 的 人 ， 是 我们 每个 人 看 完 《 进击 的 巨人 》 后 都 要 不断 思考 的 事 。
57d378004bac4e3d,中国,4DX看的，被打得很惨，喷水喷风又喷烟w 看了豆瓣记录看到第三季结束 最终篇也看了后来又有最终完结篇前后没看。记忆缺失也很大，总之想知道个结尾。感觉还不错，血腥刺激反省反思固执，反正人和飞蛾扑火一样就是过程长一点罢了。,4DX 看 的 ， 被 打 得 很惨 ， 喷水 喷风 又 喷烟 w   看 了 豆瓣 记录 看到 第三季 结束   最终 篇 也 看 了 后来 又 有 最终 完结篇 前后 没 看 。 记忆 缺失 也 很大 ， 总之 想 知道 个 结尾 。 感觉 还 不错 ， 血腥 刺激 反省 反思 固执 ， 反正 人 和 飞蛾扑火 一样 就是 过程 长 一点 罢了 。
51dbe150df4a4345,中国,动画版最终章的集合,动画版 最终 章 的 集合
3d3f2805f1b34a85,中国,伟大的作品 没有烂尾 满是震撼,伟大 的 作品   没有 烂尾   满是 震撼
59698df4f0264d5d,中国,地鸣之后的导演剪辑版。结尾还有全新彩蛋，挺有意思的,地鸣 之后 的 导演 剪辑版 。 结尾 还有 全新 彩蛋 ， 挺 有意思 的
ab908c0c3de34f1f,中国,我大概是唯一一个不喜欢最后彩蛋的人，某种很生硬的安慰。@アポロシネマ,我 大概 是 唯一 一个 不 喜欢 最后 彩蛋 的 人 ， 某种 很 生硬 的 安慰 。 @ ア ポ ロ シ ネ マ
adb6a30fff1045b7,中国,人生没有什么意义的，最终只是实现自我的内心满足。改变不了世界，还是自我麻痹吧。,人生 没有 什么 意义 的 ， 最终 只是 实现 自我 的 内心 满足 。 改变 不了 世界 ， 还是 自我 麻痹 吧 。
1a8005229be34168,中国,仍然很喜欢阿尔敏,仍然 很 喜欢 阿尔敏
87fc977119e1448e,中国,2025/2/10 @Riverport 深夜影院～,2025 / 2 / 10   @ Riverport   深夜 影院 ～
98b641569c6948b5,中国,艾伦，回到山坡上那棵树下吧……不管哪个世界，哪个时空，哪个梦里，都把自由当作最终一个词，Born free.,艾伦 ， 回到 山坡 上 那棵 树下 吧 … … 不管 哪个 世界 ， 哪个 时空 ， 哪个 梦里 ， 都 把 自由 当作 最终 一个 词 ， Born   free .
f731f1deba0046e0,中国,爆哭～ 再看一遍还是爆哭～,爆哭 ～   再 看一遍 还是 爆哭 ～
9d94438c28444c22,中国,十年一梦，就算不是最好的结局我也接受,十年 一梦 ， 就算 不是 最好 的 结局 我 也 接受
a8e038ce45c04b7b,中国,"非常惊喜的总集篇。这下是不是真的再也没有巨人可以看了(╯︵╰,)","非常 惊喜 的 总集 篇 。 这下 是不是 真的 再也 没有 巨人 可以 看 了 ( ╯ ︵ ╰ , )"
1ca96729b3e64d65,中国,有10颗星都想点爆！谏人你也知道是十年啊！用掉3张餐巾纸：韩吉赴死、吉克“要是能早点这么想该有多好啊”、血海中拥抱的兄弟情、简单环境下长大的木讷纯情小两口……????????????????????,有 10 颗星 都 想点 爆 ！ 谏 人 你 也 知道 是 十年 啊 ！ 用 掉 3 张 餐巾纸 ： 韩吉 赴死 、 吉克 “ 要是 能 早点 这么 想 该 有 多 好 啊 ” 、 血海 中 拥抱 的 兄弟 情 、 简单 环境 下 长大 的 木讷 纯情 小两口 … … ?? ?? ?? ?? ?? ?? ?? ?? ?? ??
98a559d8ea0e458e,中国,在日本去电影院看了3遍 真的是真爱了,在 日本 去 电影院 看 了 3 遍   真的 是 真 爱 了
4872b88b0da144f9,中国,祝世界终有一天走出森林。最后彩蛋哭了，谏山创老师不仅自嘲了十多年创作等来的这个颇为争议的结局。让艾伦说了最艾伦的话，电影怎么样又怎么样呢，和你们一起看电影的时光很好，下次再约！,祝 世界 终 有 一天 走出 森林 。 最后 彩蛋 哭 了 ， 谏 山创 老师 不仅 自嘲 了 十多年 创作 等 来 的 这个 颇为 争议 的 结局 。 让 艾伦 说 了 最 艾伦 的话 ， 电影 怎么样 又 怎么样 呢 ， 和 你们 一起 看 电影 的 时光 很 好 ， 下次 再 约 ！
0da2609389a74d59,中国,果然地鸣就得在电影院看，不枉我加了三百块选了大屏和声临其境的音效，超震撼！！！！韩吉死的时候周围好多人都在抹眼泪，虽然大概剧情都看过，但是当下还是沉浸进去了，几度快要掉小珍珠，得亏我日语不太好，在边打架边嘶吼的时候根本听不清在说啥，这一点帮我克制住了我的眼泪，好评！特典抽到了アルミン，许愿成功！,果然 地鸣 就 得 在 电影院 看 ， 不枉 我加 了 三百块 选了 大屏 和 声临 其境 的 音效 ， 超 震撼 ！ ！ ！ ！ 韩吉死 的 时候 周围 好多 人 都 在 抹 眼泪 ， 虽然 大概 剧情 都 看过 ， 但是 当下 还是 沉浸 进去 了 ， 几度 快要 掉 小 珍珠 ， 得 亏 我 日语 不太好 ， 在 边 打架 边 嘶吼 的 时候 根本 听不清 在 说 啥 ， 这 一点 帮 我 克制 住 了 我 的 眼泪 ， 好评 ！ 特典 抽到 了 ア ル ミ ン ， 许愿 成功 ！
31971ba64abc4597,中国,还是很震撼,还是 很 震撼
b3d133d4e9a04384,中国,我喜欢是因为这片讲了一个生死与共的爱情故事，三笠和艾伦本就该过完平凡快乐的一生。但追求自由就要破墙复仇，复仇中又面临新的复仇，可能就是每个人一生永远突破不了的叹息之墙吧,我 喜欢 是因为 这片 讲 了 一个 生死与共 的 爱情故事 ， 三笠 和 艾伦 本 就 该 过 完 平凡 快乐 的 一生 。 但 追求 自由 就要 破墙 复仇 ， 复仇 中 又 面临 新 的 复仇 ， 可能 就是 每个 人 一生 永远 突破 不了 的 叹息 之墙 吧
9b49fbf211ee4995,中国,总集篇,总集 篇
ab7aec38e9ad49bd,中国,也许我们所有人都只是为了某一个瞬间而出生的。所以看啊，今天的天气多好啊，要是能早点这么想就好了。,也许 我们 所有人 都 只是 为了 某 一个 瞬间 而 出生 的 。 所以 看 啊 ， 今天 的 天气 多好 啊 ， 要是 能 早点 这么 想 就 好 了 。
fc4d7e70a21d4ded,中国,文戏太多,文戏 太 多
3e85a6c4b82841b7,中国,25.2.10 AMC Empire 25 也是CRiL正式成立的日子 新的人生阶段就此展开,25.2 . 10   AMC   Empire   25   也 是 CRiL 正式 成立 的 日子   新 的 人生 阶段 就此 展开
c4154f0478af4869,中国,这是将最终季的前篇和后篇合在一起，只需剪在一起，就是一部新的片子，强行多刷一部，简直经济学大师。看过前后篇的可以不看了。,这 是 将 最终 季 的 前 篇 和 后 篇 合在一起 ， 只 需 剪 在 一起 ， 就是 一部 新 的 片子 ， 强行 多刷 一部 ， 简直 经济学 大师 。 看过 前后 篇 的 可以 不看 了 。
243cbcb7e3c44001,中国,走出电影院之后长舒一口气，虽然在家里已经看过一遍了，但这时候才有种真正完结了的感觉。 还记得初中的暑假用家里那台打LOL只有40帧的电脑第一次点开巨人的时候，真的非常惊艳。等到了开学发现好像所有人都在看巨人。 到了高中每周末和朋友去网吧，打完LOL之后看更新的巨人第二季。 大学的时候在寝室看完第三季兵长砍猴和白夜，兴奋地和室友说到半夜。 之后疫情在家，白天看看巨人最终季和其他电影，晚上和朋友边打游戏边聊。 直到几个月前窝在日本的小屋里，看完了巨人完结篇。 而现在，在看完电影之后，我回到家还是和朋友一起玩云顶之弈。 十一年，我的生活好像经历了天翻地覆的变化，又好像什么都没有变。很喜欢片尾彩蛋的部分，希望在接下来的十年，还能和大家一起再看到一些如此精彩完整的作品。 那真是太幸福了！,走出 电影院 之后 长舒 一口气 ， 虽然 在 家里 已经 看过 一遍 了 ， 但 这时候 才 有种 真正 完结 了 的 感觉 。   还 记得 初中 的 暑假 用 家里 那台 打 LOL 只有 40 帧 的 电脑 第一次 点开 巨人 的 时候 ， 真的 非常 惊艳 。 等到 了 开学 发现 好像 所有人 都 在 看 巨人 。   到 了 高中 每 周末 和 朋友 去 网吧 ， 打完 LOL 之后 看 更新 的 巨人 第二季 。   大学 的 时候 在 寝室 看 完 第三季 兵长 砍 猴 和 白夜 ， 兴奋 地 和 室友 说 到 半夜 。   之后 疫情 在家 ， 白天 看看 巨人 最终 季 和 其他 电影 ， 晚上 和 朋友 边 打游戏 边聊 。   直到 几个 月 前 窝 在 日本 的 小 屋里 ， 看 完 了 巨人 完结篇 。   而 现在 ， 在 看 完 电影 之后 ， 我 回到 家 还是 和 朋友 一起 玩 云顶 之弈 。   十一年 ， 我 的 生活 好像 经历 了 天翻地覆 的 变化 ， 又 好像 什么 都 没有 变 。 很 喜欢 片尾 彩蛋 的 部分 ， 希望 在 接下来 的 十年 ， 还 能 和 大家 一起 再 看到 一些 如此 精彩 完整 的 作品 。   那 真是太 幸福 了 ！
0183923b4971434d,中国,番外乖，一股大家都好好的的错觉,番 外乖 ， 一股 大家 都 好好 的 的 错觉
83916f02ab2c422f,中国,这回是真的结束了，一直不敢看，果然，看完很空虚。,这回 是 真的 结束 了 ， 一直 不敢 看 ， 果然 ， 看 完 很 空虚 。
0a5d6f8522f04cff,中国,不愧是神作,不愧 是 神作
8ebb61b7f9024d29,中国,准备大哭一场结果无事发生。第一季勉强，第二季还行，第三季高潮。第四季15集把尤弥尔的秘密讲清楚就可以结束了。后面全是渣渣。,准备 大哭 一场 结果 无 事 发生 。 第一季 勉强 ， 第二季 还 行 ， 第三季 高潮 。 第四季 15 集把 尤弥尔 的 秘密 讲清楚 就 可以 结束 了 。 后面 全是 渣 渣 。
0f1cc6216c29436f,中国,看到完结篇 百感交集 艾伦最后也没实现所谓的自由 战争仍在持续 但还是会觉得怅然若失 毕竟看了这么久 最后结尾是这般模样 很是伤神,看到 完结篇   百感交集   艾伦 最后 也 没 实现 所谓 的 自由   战争 仍 在 持续   但 还是 会 觉得 怅然若失   毕竟 看 了 这么久   最后 结尾 是 这般 模样   很 是 伤神
94c30e3edcac410e,中国,毁天灭地，巨人乱战，人类犹如蝼蚁。 探讨人性纷争,毁天灭 地 ， 巨人 乱战 ， 人类 犹如 蝼蚁 。   探讨 人性 纷争
bc8d9536d074405b,中国,250209 isquare英皇 离港前一定要挤时间看的电影。大概一辈子都忘不了巨人了。心臓を捧げよ！,250209   isquare 英皇   离港 前 一定 要 挤时间 看 的 电影 。 大概 一辈子 都 忘不了 巨人 了 。 心 臓 を 捧 げ よ ！
071555bc958244b3,中国,大结局前后篇的总集。结尾的彩蛋很暖心??,大结局 前后 篇 的 总集 。 结尾 的 彩蛋 很暖心 ? ?
35e46edea4a94752,中国,我直接五星,我 直接 五星
432b16f507644f38,中国,怎么说呢 也是从第一季第一集刚出就看了，也懒得骂了，但是最后的彩蛋我很不理解，这和梦结局有什么区别啊？这对故事中伟大的牺牲是亵渎。,怎么 说 呢   也 是从 第一季 第一集 刚出 就 看 了 ， 也 懒得 骂 了 ， 但是 最后 的 彩蛋 我 很 不 理解 ， 这 和 梦 结局 有 什么 区别 啊 ？ 这 对 故事 中 伟大 的 牺牲 是 亵渎 。
8adf2c7fd110422e,中国,抱头痛哭,抱头痛哭
e80ca1e0993c4c15,中国,三星半，最后半星致敬情怀和当年追剧的日子。结局崩坏的还是很严重，跟饥饿游戏，权力的游戏，盗墓笔记差不多，结局是对鲁鲁修2拙劣的模仿。估计作者被各种政治和舆论压力逼着改了结局。或许不完美 才是大部分神作的归宿。相较之下，鲁鲁修和三体这种保持到最后的神作实属不易。 2024/12/15 T-JOY UMEDA,三星 半 ， 最后 半星 致敬 情怀 和 当年 追剧 的 日子 。 结局 崩坏 的 还是 很 严重 ， 跟 饥饿 游戏 ， 权力 的 游戏 ， 盗墓 笔记 差不多 ， 结局 是 对 鲁鲁修 2 拙劣 的 模仿 。 估计 作者 被 各种 政治 和 舆论压力 逼 着 改 了 结局 。 或许 不 完美   才 是 大部分 神作 的 归宿 。 相 较 之下 ， 鲁鲁修 和 三体 这种 保持 到 最后 的 神作 实属 不易 。   2024 / 12 / 15   T - JOY   UMEDA
5b3490cecb6a410c,中国,無論再看多少次都會哭成豬頭。,無論 再 看 多少 次 都 會 哭成 豬頭 。
3fd34343b9b44fab,中国,真不愧是神作，即使是已经看过剧版，仍觉得这部影版非常优秀,真不愧是 神作 ， 即使 是 已经 看过 剧版 ， 仍 觉得 这部 影版 非常 优秀
3f34e5c7249846d4,中国,MX4D有爽到,MX4D 有爽 到
55ae6db204c244cb,中国,韩吉...吼猴...哭得停不下来，总集篇是来影院上香的心情。看到彩蛋差点以为是剧组pa的胜利，但是发生过的果然就没法抹除啊。眼看墓碑变成碎石，不毛的荒地建起高楼又坍塌，被循环困住然后在挣脱的同时落入另一个循环；历史是人类不知反省的罪证，追逐自由幻影终被自由所困。,韩吉 ... 吼 猴 ... 哭 得 停不下来 ， 总集 篇 是 来 影院 上香 的 心情 。 看到 彩蛋 差点 以为 是 剧组 pa 的 胜利 ， 但是 发生 过 的 果然 就 没法 抹除 啊 。 眼看 墓碑 变成 碎石 ， 不毛 的 荒地 建起 高楼 又 坍塌 ， 被 循环 困住 然后 在 挣脱 的 同时 落入 另 一个 循环 ； 历史 是 人类 不知 反省 的 罪证 ， 追逐 自由 幻影 终 被 自由 所困 。
86d07d711112433c,中国,竟然还不错 可见Mappa功力深厚 兵长残了我哭死,竟然 还 不错   可见 Mappa 功力 深厚   兵长 残 了 我 哭 死
9777acc7a333458a,中国,上次看大结局的时候还在笑着感叹人类的争斗永不止息，这次竟然有些泪目。想到的是反而是他通过自我牺牲为人类带来了长久的和平，哪怕最后人类仍会走向同归于尽。而彩蛋的彩蛋，艾伦说道：“很高兴和你们一起看电影，开心到，下次还想！”去爱吧，去爱啊哪怕最后是砍下对方的头颅！,上次 看 大结局 的 时候 还 在 笑 着 感叹 人类 的 争斗 永不 止息 ， 这次 竟然 有些 泪目 。 想到 的 是 反而 是 他 通过 自我牺牲 为 人类 带来 了 长久 的 和平 ， 哪怕 最后 人类 仍会 走向 同归于尽 。 而 彩蛋 的 彩蛋 ， 艾伦 说道 ： “ 很 高兴 和 你们 一起 看 电影 ， 开心 到 ， 下次 还 想 ！ ” 去 爱 吧 ， 去 爱 啊 哪怕 最后 是 砍 下 对方 的 头颅 ！
08133fd3e13046bd,中国,最后的天地之战，悲壮而惨烈，尽管不少人诟病于巨人后期有烂尾之嫌，我是觉得这部跨世纪的神作以这样的方式结尾，已经很好了。最后三笠的那句：艾伦 谢谢你为我围上这条围巾，瞬间都泪崩！,最后 的 天地 之战 ， 悲壮 而 惨烈 ， 尽管 不少 人 诟病 于 巨人 后期 有 烂尾 之 嫌 ， 我 是 觉得 这部 跨世纪 的 神作 以 这样 的 方式 结尾 ， 已经 很 好 了 。 最后 三笠 的 那句 ： 艾伦   谢谢 你 为 我围 上 这条 围巾 ， 瞬间 都 泪崩 ！
7ad5e6a85e904412,中国,永远的种群竞争矛盾,永远 的 种群 竞争 矛盾
a0deec94b1eb42d8,中国,永远的神作，在我心目中无可撼动的地位！！！,永远 的 神作 ， 在 我 心目 中 无可 撼动 的 地位 ！ ！ ！
34b458b85b5d45d6,中国,跟朋友在HK看的，艾尔文限时返场两次均泪目。好几处蒙太奇都喜欢。,跟 朋友 在 HK 看 的 ， 艾尔文 限时 返场 两次 均 泪目 。 好几处 蒙太奇 都 喜欢 。
8e3391710e594c4e,中国,虽然但是 塔塔开！,虽然 但是   塔塔开 ！
26a030639a6e4e09,中国,@香港MCL Airside。在影厅又找到了心脏献出去的感觉,@ 香港 MCL   Airside 。 在 影厅 又 找到 了 心脏 献 出去 的 感觉
8341911a835f42b5,中国,结局有彩蛋,结局 有 彩蛋
69b691a330e94c2d,中国,最特别的一次4dx体验。最后的彩蛋真的很温柔。,最 特别 的 一次 4dx 体验 。 最后 的 彩蛋 真的 很 温柔 。
a9c4c29e53f546fb,中国,三笠觉悟好高啊不愧是天崩开场直接幻觉烧尽的人我的爱~~谏山创二十几岁世界观就这么成熟好感动啊~~,三笠 觉悟 好 高 啊 不愧 是 天崩 开场 直接 幻觉 烧尽 的 人 我 的 爱 ~ ~ 谏 山创 二十几岁 世界观 就 这么 成熟 好 感动 啊 ~ ~
603afbd7d990497a,中国,又刷一遍，真是激烈,又 刷 一遍 ， 真是 激烈
cca823a9c1c84819,中国,还是觉得谏山创是反战的。但他不愿正视战争发起的原因，也不愿承担战争带来的后果。他仅仅只承认战争带来了后果这件事，就和艾伦一样，你不能指望一个19岁的少年获得巨大的力量后能做出什么正向的贡献，你也不能指望一个漫画家能给出贯穿人类历史发展始终的难题的答案，因为我们始终都无法解答。,还是 觉得 谏山 创是 反战 的 。 但 他 不愿 正视 战争 发起 的 原因 ， 也 不愿 承担 战争 带来 的 后果 。 他 仅仅 只 承认 战争 带来 了 后果 这件 事 ， 就 和 艾伦 一样 ， 你 不能 指望 一个 19 岁 的 少年 获得 巨大 的 力量 后能 做出 什么 正向 的 贡献 ， 你 也 不能 指望 一个 漫画家 能 给出 贯穿 人类 历史 发展 始终 的 难题 的 答案 ， 因为 我们 始终 都 无法 解答 。
b6598f54c3bc46b1,中国,全部看完了再回来打的分,全部 看 完 了 再 回来 打 的 分
dc02253fe2b34102,中国,是不是看过？只是视角切换了一下。,是不是 看过 ？ 只是 视角 切换 了 一下 。
7b6b1dd4eb744099,中国,整体还是挺好看的，或许剧情一直围绕着那句经典的台词，如果什么都不能放弃，就什么都改变不了。剧情比较紧凑，有一些剧情反转的地方，对人物的刻画，对自由哲学的思考，对人性的展现都非常有独特的见解，这或许就是这部动漫高分的原因吧。,整体 还是 挺 好看 的 ， 或许 剧情 一直 围绕 着 那句 经典 的 台词 ， 如果 什么 都 不能 放弃 ， 就 什么 都 改变 不了 。 剧情 比较 紧凑 ， 有 一些 剧情 反转 的 地方 ， 对 人物 的 刻画 ， 对 自由 哲学 的 思考 ， 对 人性 的 展现 都 非常 有 独特 的 见解 ， 这 或许 就是 这部 动漫 高分 的 原因 吧 。
6853c93429df45fc,中国,不知道为啥评价这么高，时隔这么长时间再看这部剧，已经没有了当时的激动心情，感觉很一般。,不 知道 为啥 评价 这么 高 ， 时隔 这么 长时间 再 看 这部 剧 ， 已经 没有 了 当时 的 激动 心情 ， 感觉 很 一般 。
303ba40e968c403d,中国,用了10年收尾，看得出来收的辛苦，但讲得通。走进不死境界的应该成神了，本来对人间闲事未必那么投入，而此片掌握神力的那几位总觉得只是日式的冤魂啊。,用 了 10 年 收尾 ， 看得出来 收 的 辛苦 ， 但 讲 得通 。 走进 不死 境界 的 应该 成神 了 ， 本来 对 人间 闲事 未必 那么 投入 ， 而 此片 掌握 神力 的 那 几位 总 觉得 只是 日式 的 冤魂 啊 。
f215c2e98ab14860,中国,垃圾剧，已弃,垃圾 剧 ， 已弃
3d04c6e399e34d96,中国,虽然是圈钱的合集篇，但也是大屏幕上看了巨人了，画面应该是有所修复，大屏幕上看着也及格。最后的彩蛋原来是自己吐槽自己（难道不就是承认自己结局不尽人意所以出来打个圆场吗hhh），不过三个人的平行世界真的很温馨。 #Regal Irvine Spectrum,虽然 是 圈钱 的 合集 篇 ， 但 也 是 大屏幕 上 看 了 巨人 了 ， 画面 应该 是 有所 修复 ， 大屏幕 上 看着 也 及格 。 最后 的 彩蛋 原来 是 自己 吐槽 自己 （ 难道 不 就是 承认 自己 结局 不尽人意 所以 出来 打个 圆场 吗 hhh ） ， 不过 三个 人 的 平行 世界 真的 很 温馨 。   # Regal   Irvine   Spectrum
0252b48a3e3c450d,中国,2025.02.10。,2025.02 . 10 。
d049077355854a44,中国,兄弟俩寓意大自然“暴力的生之欲”和“平静的死之必然”,兄弟俩 寓意 大自然 “ 暴力 的 生之欲 ” 和 “ 平静 的 死 之 必然 ”
995120dfce814eac,中国,真的爆哭啊！！！,真的 爆哭 啊 ！ ！ ！
253666ba05bc4300,中国,大坑在十年前竟已填平,大坑 在 十年 前竟 已 填平
0ad310cd560040d6,中国,巨人系列怎么能没看过，只会看过忘记标注,巨人 系列 怎么 能 没 看过 ， 只会 看过 忘记 标注
bc1fc415b85c4b35,中国,一切都是一个莫比乌斯环，所有人都在推向艾伦走向“地鸣”这条道路，是一个好故事，但是我还不能接受这个结局。其实看到后面我在想这个世界都这么烂了，大家一起死掉吧，可是对于艾伦来说，这个世界还有他爱的人，他的伙伴朋友，他得去守护他们。可能是最残忍的结局，但其实是最好的结局了。,一切都是 一个 莫比 乌斯 环 ， 所有人 都 在 推向 艾伦 走向 “ 地鸣 ” 这 条 道路 ， 是 一个 好 故事 ， 但是 我 还 不能 接受 这个 结局 。 其实 看到 后面 我 在 想 这个 世界 都 这么 烂 了 ， 大家 一起 死 掉 吧 ， 可是 对于 艾伦 来说 ， 这个 世界 还有 他 爱 的 人 ， 他 的 伙伴 朋友 ， 他 得 去 守护 他们 。 可能 是 最 残忍 的 结局 ， 但 其实 是 最好 的 结局 了 。
229cb6e7628f4b78,中国,开玩笑，看完它以后再也没有追动画片的动力了，爷青结,开玩笑 ， 看 完 它 以后 再也 没有 追 动画片 的 动力 了 ， 爷青结
a4c08c31f3f34e9b,中国,2012到美国时开始看巨人，一路从漫画完结到动画完结，最后2015年能在电影院看到最终话的电影版，还是感慨万千…最后特别加了一小段，也是为了回应各种争议吧，作者也是不容易…,2012 到 美国 时 开始 看 巨人 ， 一路 从 漫画 完结 到 动画 完结 ， 最后 2015 年 能 在 电影院 看到 最终 话 的 电影版 ， 还是 感慨万千 … 最后 特别 加 了 一小 段 ， 也 是 为了 回应 各种 争议 吧 ， 作者 也 是 不 容易 …
0a9cb288a5204bd9,中国,最痛苦莫过于又经历了一遍韩吉的死。“你明白吗，利维尔，终于轮到我了。”如果剧场版可以是平行时空下的另一个结局就好了。我真的不明白为什么我们必须救下所有人。,最 痛苦 莫过于 又 经历 了 一遍 韩吉 的 死 。 “ 你 明白 吗 ， 利 维尔 ， 终于 轮到 我 了 。 ” 如果 剧场版 可以 是 平行 时空 下 的 另 一个 结局 就 好 了 。 我 真的 不 明白 为什么 我们 必须 救 下 所有人 。
aba3996fd99843e2,中国,一个时代，一个传奇的落幕。,一个 时代 ， 一个 传奇 的 落幕 。
49e5d7dfd44645ac,中国,心祖屋撒撒给！！！,心 祖屋 撒撒 给 ！ ！ ！
c15a03e34a9b4b66,中国,大屏的巨人，加倍的崩。但是怎么眼泪也不知不觉加倍了。新加的彩蛋超可爱，刚好缓解一下大家都哭累了的心情?? #LAB111,大屏 的 巨人 ， 加倍 的 崩 。 但是 怎么 眼泪 也 不知不觉 加倍 了 。 新加 的 彩蛋 超 可爱 ， 刚好 缓解 一下 大家 都 哭 累 了 的 心情 ??   # LAB111
ff4f852a1ef44afa,中国,原来是最后季的合集，总体一样，有些画面不太一样，不过不影响。,原来 是 最后 季 的 合集 ， 总体 一样 ， 有些 画面 不太 一样 ， 不过 不 影响 。
ff6399edd50f4ade,中国,结尾加了一段类似彩蛋的故事情节，真好啊，三人组在现代还是那么好。,结尾 加 了 一段 类似 彩蛋 的 故事情节 ， 真好 啊 ， 三人组 在 现代 还是 那么 好 。
97e8bacca88c4ca8,中国,巨人才出来的时候，我只当是一个以啊他们来了越墙吃人的巨大奇行种，并且在当时资源难找后就放弃追了，毕竟当时我还年轻不懂面对人世黑暗生存死亡爱与仇恨这样宏大的观念。前两天在b站上追完黑镜第七季，之后同样在b站刷到了一个全资源的阿婆主发的我踏马莱了。在被标题笑到后，用四五天刷完这全四季加上一个总集的全集后，你会发现自己前三季其实一直都在被那个藏着真相的地下室勾着。这个过程里你已经体验了墙内人性的黑暗，巨人其实是人，巨人的灾难其实都是人为的灾难。对巨人之王那种圣母不抵抗的不理解，对艾伦和他同伴愤怒的理解。促使我们在陪他们见证新天地后，还要再观看作者给我们呈现最终艾伦引发了一场鲁路修式的灭霸行动。这时候，我忽然理解了踏马，真是去踏马的世界呀，应了人类从历史中汲取的唯一教训就是人类从来不吸取教训。,巨人 才 出来 的 时候 ， 我 只当 是 一个 以 啊 他们 来 了 越墙 吃 人 的 巨大 奇行 种 ， 并且 在 当时 资源 难 找 后 就 放弃 追 了 ， 毕竟 当时 我 还 年轻 不 懂 面对 人世 黑暗 生存 死亡 爱 与 仇恨 这样 宏大 的 观念 。 前两天 在 b 站上 追完 黑镜 第七 季 ， 之后 同样 在 b 站 刷 到 了 一个 全 资源 的 阿婆 主发 的 我 踏马莱 了 。 在 被 标题 笑 到 后 ， 用 四五天 刷 完 这全 四季 加上 一个 总集 的 全集 后 ， 你 会 发现自己 前三季 其实 一直 都 在 被 那个 藏 着 真相 的 地下室 勾着 。 这个 过程 里 你 已经 体验 了 墙 内 人性 的 黑暗 ， 巨人 其实 是 人 ， 巨人 的 灾难 其实 都 是 人为 的 灾难 。 对 巨人 之王 那种 圣母 不 抵抗 的 不 理解 ， 对 艾伦 和 他 同伴 愤怒 的 理解 。 促使 我们 在 陪 他们 见证 新天地 后 ， 还要 再 观看 作者 给 我们 呈现 最终 艾伦 引发 了 一场 鲁路 修式 的 灭霸 行动 。 这时候 ， 我 忽然 理解 了 踏马 ， 真是 去 踏马 的 世界 呀 ， 应 了 人类 从 历史 中 汲取 的 唯一 教训 就是 人类 从来不 吸取教训 。
73a10d87a17e4e0c,中国,电影院前后左右哭成一片，最后退场的时候安静得没有任何声音，さすが日本人,电影院 前后左右 哭 成 一片 ， 最后 退场 的 时候 安静 得 没有 任何 声音 ， さ す が 日本 人
88a3adf3376b4713,中国,所谓自然状态(state of nature)，就是在草薙素子和玲音的科技加速主义，艾伦以始祖巨人为力的政治构想/LCL原乐之海，Clannad的核心家庭人际关系之后，依然会反复出现的结构性迫力重复的东西啊。,所谓 自然 状态 ( state   of   nature ) ， 就是 在 草薙 素子 和玲音 的 科技 加速 主义 ， 艾伦 以 始祖 巨人 为力 的 政治 构想 / LCL 原乐 之海 ， Clannad 的 核心家庭 人际关系 之后 ， 依然 会 反复 出现 的 结构性 迫力 重复 的 东西 啊 。
ae02c174ab2b4496,中国,一直不敢再从头看一遍巨人，再看一次总集篇总是止不住的感到难过，从小学看到大学，无数个焦急等待更新的夜晚，终于迎来了结局，每个人物都塑造的太好了，很难不共情其中，谏山创你这老贼！一想到后续的结局是这样，真是比我失恋还难过...,一直 不敢 再 从头 看一遍 巨人 ， 再 看 一次 总集 篇 总是 止不住 的 感到 难过 ， 从 小学 看到 大学 ， 无数个 焦急 等待 更新 的 夜晚 ， 终于 迎来 了 结局 ， 每个 人物 都 塑造 的 太好了 ， 很难 不共情 其中 ， 谏 山创 你 这 老贼 ！ 一 想到 后续 的 结局 是 这样 ， 真是 比 我 失恋 还 难过 ...
7ce721045e6841d2,中国,虽然很多细节很拉胯，但至少做到了尽可能多的掌控全局,虽然 很多 细节 很 拉 胯 ， 但 至少 做到 了 尽可能 多 的 掌控 全局
1a1339ccc0ee4fca,中国,静候！,静候 ！
8aec8c066be54e1e,中国,虽然漫画完结的时候很多人对巨人的结局诟病很多。。但是亲身观影的体验我还是觉得很棒的，艾伦行事的逻辑也不是那么的无脑，在法兰克福Astor看的日配英文字幕。。而且从2013第一集开始到现在完结，整体的质量都非常在线，在我这个看日漫不多人眼里堪称第一神作，单项上确实有比巨人好的，但是整体更好的我还没看过。。,虽然 漫画 完结 的 时候 很多 人 对 巨人 的 结局 诟病 很多 。 。 但是 亲身 观影 的 体验 我 还是 觉得 很棒 的 ， 艾伦 行事 的 逻辑 也 不是 那么 的 无脑 ， 在 法兰克福 Astor 看 的 日配 英文 字幕 。 。 而且 从 2013 第一集 开始 到 现在 完结 ， 整体 的 质量 都 非常 在线 ， 在 我 这个 看日漫 不多人 眼里 堪称 第一 神作 ， 单项 上 确实 有 比 巨人 好 的 ， 但是 整体 更好 的 我 还 没 看过 。 。
70545e8f8a17418c,中国,五星不用质疑,五星 不用 质疑
34e852611f3e4227,中国,没拿到色纸。“彩蛋”是最伟大的发明！,没拿到 色纸 。 “ 彩蛋 ” 是 最 伟大 的 发明 ！
b872bbd4c5454c62,中国,虽然但是 看完只能说得出一句卧槽………… （请不要随便沦为自由的奴隶,虽然 但是   看 完 只能 说 得出 一句 卧槽 … … … …   （ 请 不要 随便 沦为 自由 的 奴隶
eff44600b5e04a79,中国,人类无药可救。一个能力普通的人，被赋予了超过能力限度的力量，他没法让一切变得更好，做命运的傀儡，死亡的象征。还好在故事的最后，那个少年终于真正自由了。,人类 无药 可救 。 一个 能力 普通 的 人 ， 被 赋予 了 超过 能力 限度 的 力量 ， 他 没法 让 一切 变得 更好 ， 做 命运 的 傀儡 ， 死亡 的 象征 。 还好 在 故事 的 最后 ， 那个 少年 终于 真正 自由 了 。
b00629d8adde47ff,中国,祝你幸福，祝你自由，祝你不要伟大。,祝你幸福 ， 祝 你 自由 ， 祝 你 不要 伟大 。
b48bf5d29b484349,中国,当三笠和阿尔敏分别代表“神作派”和“烂尾派”争执不下时，艾伦说，“能和你们一起看电影很开心，下次还要一起！”,当三笠 和 阿尔敏 分别 代表 “ 神 作派 ” 和 “ 烂尾 派 ” 争执不下 时 ， 艾伦 说 ， “ 能 和 你们 一起 看 电影 很 开心 ， 下次 还要 一起 ！ ”
4be9ef51387e4f59,中国,在瑞典看的 和左边的外国小哥哭了大半场 一到兵长喷艾伦就嘎嘎笑 右边小哥带没看过的朋友来的 开场十分钟一直在问 没看过就不要来了好吗,在 瑞典 看 的   和 左边 的 外国 小哥 哭 了 大 半场   一到 兵长 喷 艾伦 就 嘎嘎 笑   右边 小哥 带 没 看过 的 朋友 来 的   开场 十分钟 一直 在 问   没 看过 就 不要 来 了 好 吗
84f7502c3a304c20,中国,明天260元一張票的特別場3場爆滿， 仔去了英國遊學半年， 我一個人去荃灣百老匯看普通早場， 想不到也有送作者簽名主角卡片一張。 免費看過Netflix電視版， 再付費去看電影版可能很多人會說很傻， 但其實最後幾集根本是電影級質素， 在戲院看到聽到的震撼絕對物超所值， 強烈推薦百老匯戲院有震動效果座位， 更能感受到故事中地鳴感和戰鬥震撼。 早場觀影人數不多， 最意想不到是有一半是女生， 幾個場景聽到前後左右哭泣聲， 右邊鄰座女孩更是泣不成聲， 自己hold不住，也不用忍著。 片尾彩蛋對白相當精彩依然非常諌山創， 相信是作者諌山創對人類世界最新看法。 如果有續集的話，即使只有一個人，我還是會去看。,明天 260 元 一 張票 的 特別場 3 場爆滿 ，   仔去 了 英國 遊學 半年 ，   我 一個 人 去荃灣 百老 匯看 普通 早場 ，   想不到 也 有 送 作者 簽名 主角 卡片 一張 。   免費 看過 Netflix 電視版 ，   再 付費 去 看電 影版 可能 很多 人會 說 很傻 ，   但 其實 最後幾集 根本 是 電影級 質素 ，   在 戲院 看到 聽到 的 震撼 絕對 物超所值 ，   強烈 推薦 百老 匯戲院 有 震動 效果 座位 ，   更能 感受 到 故事 中地 鳴感 和 戰鬥 震撼 。   早場 觀影 人數 不 多 ，   最 意想不到 是 有 一半 是 女生 ，   幾個 場景 聽 到 前 後 左右 哭泣 聲 ，   右邊 鄰座 女孩 更是 泣 不成 聲 ，   自己 hold 不住 ， 也 不用 忍著 。   片尾 彩蛋 對 白相 當 精彩 依然 非常 諌 山 創 ，   相信 是 作者 諌 山 創 對 人 類 世界 最新 看法 。   如果 有續 集 的 話 ， 即使 只有 一個 人 ， 我 還是 會 去 看 。
364fe432516248be,中国,我的后青春落幕了,我 的 后 青春 落幕 了
38fa3f8305c34279,中国,年前专门跑hk看的居然忘记标了,年前 专门 跑 hk 看 的 居然 忘记 标了
3fec314423854226,中国,最后一次献出心脏。巨人真的是改变我人生方向的作品...恰好在那个中二的时间出现，谏山创就是你带我变成二次元的。。,最后 一次 献出 心脏 。 巨人 真的 是 改变 我 人生 方向 的 作品 ... 恰好 在 那个 中二 的 时间 出现 ， 谏 山创 就是 你 带 我 变成 二次元 的 。 。
6f3bb4b1aab24a18,中国,多了一个三人组从电影院出来的结尾，从那个大树来看似乎是城市没被毁灭的世界线,多 了 一个 三人组 从 电影院 出来 的 结尾 ， 从 那个 大树 来看 似乎 是 城市 没 被 毁灭 的 世界 线
a452732374664662,中国,大荧幕上看真的不一样，新增彩蛋很可爱,大 荧幕 上 看 真的 不 一样 ， 新增 彩蛋 很 可爱
5eb750de50e848f5,中国,已阅,已阅
3c35ac59b47f4470,中国,小日本的最终幻想,小 日本 的 最终幻想
9be3b17e635c4bd3,中国,小日子怎么能做出那么好的动漫啊。。。。,小日子 怎么 能 做出 那么 好 的 动漫 啊 。 。 。 。
7380b6cd6b714b4a,中国,日本人反战败，国内拍手叫好，只能说日杂和脑瘫比想象中的多,日本 人反 战败 ， 国内 拍手叫好 ， 只能 说 日杂 和 脑瘫 比 想象 中 的 多
6756a8b684b54034,中国,闭环,闭环
39000505e6f94ece,中国,对结尾可能期待太高了，只是延续了以往的风格，人性层面的表达没亮点没突破，略失望。点睛之笔在片尾曲左下角的动画，周而复始生生不息的这片土地，人类文明渺小如沙。,对 结尾 可能 期待 太高 了 ， 只是 延续 了 以往 的 风格 ， 人性 层面 的 表达 没 亮点 没 突破 ， 略 失望 。 点睛之笔 在 片尾曲 左下角 的 动画 ， 周而复始 生生不息 的 这片 土地 ， 人类文明 渺小 如沙 。
8261450f9e9d4368,中国,烂尾,烂尾
2cdb27a7544f487c,中国,大分都不如,大分 都 不如
f846f97fc8fb472a,中国,补标。,补标 。
8d9bc7a2786d4e84,中国,无悔的选择，你永远追求明亮的星空，但不好的一面又总是向往自由。,无悔 的 选择 ， 你 永远 追求 明亮 的 星空 ， 但 不好 的 一面 又 总是 向往 自由 。
aa70638a21724efc,中国,我感觉我长大了，从第一次刚看到这个结局时候对艾伦很共鸣心想“是的全毁灭吧”到现在第二次重新看这个结局只觉得荒诞，我喜欢的只是在残酷世界中美丽的战士。我想我会有这样的改变都是因为我收获到的爱吧。再见、所有的自由之翼,我 感觉 我 长大 了 ， 从 第一次 刚 看到 这个 结局 时候 对 艾伦 很 共鸣 心想 “ 是 的 全 毁灭 吧 ” 到 现在 第二次 重新 看 这个 结局 只 觉得 荒诞 ， 我 喜欢 的 只是 在 残酷 世界 中 美丽 的 战士 。 我 想 我会 有 这样 的 改变 都 是因为 我 收获 到 的 爱 吧 。 再见 、 所有 的 自由 之翼
9b2328535a2c4842,中国,总集篇,总集 篇
c77097b7f0294cdd,中国,这不就是最终季 完结篇的合集么？又来割一波韭菜？,这 不 就是 最终 季   完结篇 的 合集 么 ？ 又 来 割 一波 韭菜 ？
50f52e7f695a4e2e,中国,大银幕看完也算是好好告过别了，这回是真的结束了。可惜没领到特典??,大 银幕 看 完 也 算是 好好 告过 别 了 ， 这回 是 真的 结束 了 。 可惜 没 领到 特典 ??
94f2ed2bd840460d,中国,对不起 真的神作,对不起   真的 神作
523dc690f95e4710,中国,就算知道剧情也依然哭得稀里哗啦。后面彩蛋还算用心。,就算 知道 剧情 也 依然 哭 得 稀里哗啦 。 后面 彩蛋 还 算 用心 。
2e075cc25d0b4350,中国,看完之后跪求一双从来没看过的眼睛。太好哭了，哭的像个傻瓜… 艾伦，一路走好…谁懂每次看到这里有多难过 好了，又要重温进巨了！,看 完 之后 跪求 一双 从来 没 看过 的 眼睛 。 太好 哭 了 ， 哭 的 像 个 傻瓜 …   艾伦 ， 一路 走 好 … 谁 懂 每次 看到 这里 有 多 难过   好 了 ， 又 要 重温 进巨 了 ！
5dbab3dfbd6f4ee8,中国,……不知为何巨人无慈悲地前进，消去眼前的声音，留下身后的血海，竟让我的心感到平静。但也并非因为杀戮…因为毁灭吧。巨人的面相大概参考了佛像，无数双悲悯空洞又冰冷的眼，注视着一切，一切入眼皆空。巨人行进时的背景音乐，情绪更多是庄严而非悲伤。,… … 不知 为何 巨人 无 慈悲 地 前进 ， 消 去 眼前 的 声音 ， 留下 身后 的 血海 ， 竟 让 我 的 心 感到 平静 。 但 也 并非 因为 杀戮 … 因为 毁灭 吧 。 巨人 的 面相 大概 参考 了 佛像 ， 无数双 悲悯 空洞 又 冰冷 的 眼 ， 注视 着 一切 ， 一切 入眼 皆空 。 巨人 行进 时 的 背景音乐 ， 情绪 更 多 是 庄严 而 非 悲伤 。
81307f6397ec4173,中国,开年第一部电影没想到是来香港重温最后一舞，本来打算去看哪吒的，但免费的不看白不看。想起小时候第一次看巨人吃掉艾伦的妈妈时，居然真的吓破胆，直接关了浏览器，再打开已经是去西藏支教了，从此迷上了这部动漫，以至于头像都换成了兵长。人生真是奇妙，艾伦你这家伙真是只顾着自己耍帅啊，其实这个结局我一点都不喜欢。,开年 第一部 电影 没想到 是 来 香港 重温 最后 一舞 ， 本来 打算 去 看 哪吒 的 ， 但 免费 的 不 看白 不 看 。 想起 小时候 第一次 看 巨人 吃掉 艾伦 的 妈妈 时 ， 居然 真的 吓破胆 ， 直接 关 了 浏览器 ， 再 打开 已经 是 去 西藏 支教 了 ， 从此 迷上 了 这部 动漫 ， 以至于 头像 都 换成 了 兵长 。 人生 真是 奇妙 ， 艾伦 你 这 家伙 真是 只顾 着 自己 耍帅 啊 ， 其实 这个 结局 我 一点 都 不 喜欢 。
da0980701cbb41c5,中国,喜欢最后彩蛋。再见了自己漫长又短暂的十一年。看完TV版也正好快一年了，当时觉得这可能是自己最后一部动漫，事实上一整年也确实没看。,喜欢 最后 彩蛋 。 再见 了 自己 漫长 又 短暂 的 十一年 。 看 完 TV 版 也 正好 快 一年 了 ， 当时 觉得 这 可能 是 自己 最后 一部 动漫 ， 事实上 一 整年 也 确实 没 看 。
d6c62bf0767441a2,中国,神作,神作
6d41bb0a585249be,中国,UGC Les Halles avec Hela 01/03/2025,UGC   Les   Halles   avec   Hela   01 / 03 / 2025
29f26bc5c21647e8,中国,the best.,the   best .
8cad9329305d42a6,中国,所谓人的自由，并不是追寻那些别人口中的情感或主义或口号或信仰，而是为了那些细小的瞬间，奔跑、扔球、和好朋友一起看电影，为了它们而活一次，也为了让所有人有这样生活的机会、而生活。不受困于那些口号，真正成为自己的主人。,所谓 人 的 自由 ， 并 不是 追寻 那些 别人 口中 的 情感 或 主义 或 口号 或 信仰 ， 而是 为了 那些 细小 的 瞬间 ， 奔跑 、 扔球 、 和 好 朋友 一起 看 电影 ， 为了 它们 而活 一次 ， 也 为了 让 所有人 有 这样 生活 的 机会 、 而 生活 。 不 受困 于 那些 口号 ， 真正 成为 自己 的 主人 。
26736625b907434c,中国,20250327@弘大megabox，泪点和笑点都很密集一会哭一会笑看完整场，最后彩蛋兵长出来旁边的韩妹笑得把我炸鸡打翻在地，然后把空盒捡起来硬要塞给我，谢谢弘大的可爱女孩子们陪我送艾伦最后一程，大家都有美好的未来,20250327 @ 弘大 megabox ， 泪点 和 笑 点 都 很 密集 一会 哭 一会 笑 看 完整 场 ， 最后 彩蛋 兵长 出来 旁边 的 韩妹 笑 得 把 我 炸鸡 打翻 在 地 ， 然后 把 空盒 捡起来 硬 要塞 给 我 ， 谢谢 弘大 的 可爱 女孩子 们 陪 我 送 艾伦 最后 一程 ， 大家 都 有 美好 的 未来
d1020454cca142d3,中国,有头有尾的一部日漫，没时间看全了，只能看看解说，寓意还是蛮深的。,有头有尾 的 一部 日漫 ， 没 时间 看全 了 ， 只能 看看 解说 ， 寓意 还是 蛮深 的 。
5a2a16a19c4b4253,中国,补标,补标
1c6afa7e373b4c1f,中国,再看还是哭的稀里哗啦…我永远热爱调查兵团！最后杀青梗好文明！,再 看 还是 哭 的 稀里哗啦 … 我 永远 热爱 调查 兵团 ！ 最后 杀青 梗 好 文明 ！
9cdddb7373e3401b,中国,看睡着了 已经看不懂二次元了??,看 睡着 了   已经 看不懂 二次元 了 ??
4f9a868867bb40b1,中国,我这辈子希望能再看到一部如此好的作品，重温之后看完结局，凝神了很久。,我 这辈子 希望 能 再 看到 一部 如此 好 的 作品 ， 重温 之后 看 完 结局 ， 凝神 了 很 久 。
3d7ecd0c5c7040dc,中国,动画总算是补完了，虽然已经看过不知道多少遍了。,动画 总算 是 补完 了 ， 虽然 已经 看过 不 知道 多少 遍 了 。
6c578fe7f09f48d2,中国,俄语配音版有不同的感觉，如果有德语配音版本就好了,俄语 配音 版有 不同 的 感觉 ， 如果 有 德语 配音 版本 就 好 了
2d8128bb326a4814,中国,无敌,无敌
8af9e8ce2e74481e,中国,粉丝向作品,粉丝 向 作品
f4758a207b354385,中国,这就是最终季完结篇的前篇加后篇的合集版。想当年，为了等这个完结篇的前篇和后篇等的很辛苦，最终看了以后先是有点失望，后世感觉大受震撼。这次合集后边加了一个小彩蛋，感觉很不错,这 就是 最终 季 完结篇 的 前篇加 后 篇 的 合集 版 。 想当年 ， 为了 等 这个 完结篇 的 前 篇 和 后 篇 等 的 很 辛苦 ， 最终 看 了 以后 先是 有点 失望 ， 后世 感觉 大受 震撼 。 这次 合集 后边 加 了 一个 小 彩蛋 ， 感觉 很 不错
471de0dd40f84af3,中国,好看,好看
128233f59d054851,中国,很喜欢最后的彩蛋，故事就交给他人评说吧,很 喜欢 最后 的 彩蛋 ， 故事 就 交给 他人 评说 吧
25d40d244fd6429b,中国,没想到能在电影院看巨人，是个完美的终点。,没想到 能 在 电影院 看 巨人 ， 是 个 完美 的 终点 。
ebb8faddbde340b8,中国,回来吧艾伦 我只是想看到你和三笠和阿尔敏永远在一起…,回来 吧 艾伦   我 只是 想 看到 你 和 三笠 和 阿尔敏 永远 在 一起 …
b9d20e65b2834edf,中国,#“埃尔文，我不后悔没有选择你。”?? #贫困少女想当艾尔迪亚交际花。太合理了。 #已经不太记得漫画结局了。但是抱头痛哭都还在，那不是没改吗？ #友情破颜拳+那种事不要啊#《绝命毒师》结尾既视感。 #洗得太生硬了感觉。 #讲到最后说是关于两个爱而不得的女人的故事。 #皮克可爱然后亚妮金长直有点离谱。 #wc片尾有一帧应该是让和三笠一家三口吧。,# “ 埃尔文 ， 我 不 后悔 没有 选择 你 。 ” ??   # 贫困 少女 想当 艾尔迪亚 交际花 。 太 合理 了 。   # 已经 不太 记得 漫画 结局 了 。 但是 抱头痛哭 都 还 在 ， 那 不是 没改 吗 ？   # 友情 破颜拳 + 那种 事 不要 啊 # 《 绝命 毒师 》 结尾 既视感 。   # 洗得 太 生硬 了 感觉 。   # 讲到 最后 说 是 关于 两个 爱 而 不得 的 女人 的 故事 。   # 皮克 可爱 然后 亚妮 金长 直 有点 离谱 。   # wc 片尾 有 一帧 应该 是 让 和 三笠 一家 三口 吧 。
47a829e58e724c73,中国,没头脑和不开心是吧...,没头脑 和 不 开心 是 吧 ...
df37515c5fca411c,中国,进电影院了，所以以一部电影的观感就是很普通。整合在一起的节奏在电影院里看真的很坐牢。粉丝滤镜真的很重要吧，没有粉丝滤镜的我看到第三章就已经想走了。,进 电影院 了 ， 所以 以 一部 电影 的 观感 就是 很 普通 。 整合 在 一起 的 节奏 在 电影院 里 看 真的 很 坐牢 。 粉丝 滤镜 真的 很 重要 吧 ， 没有 粉丝 滤镜 的 我 看到 第三章 就 已经 想 走 了 。
5e4f36de6b10468b,中国,很震撼，梦回当年追番的日子。以及在大屏幕看第一次理解了三笠和艾尔敏,很 震撼 ， 梦回 当年 追番 的 日子 。 以及 在 大屏幕 看 第一次 理解 了 三笠 和 艾尔敏
af1d79ac73ac4bbd,中国,追了很久的剧终于结束了,追 了 很 久 的 剧 终于 结束 了
dfc82dfd37b44ac1,中国,2/25 AMC Empire 25,2 / 25   AMC   Empire   25
f4e7732b44764e85,中国,即便艾伦的头颅被砍了下来，他的意志也依然在持续不断的进击着，身边的伙伴也会因为他的意志而继续进击着，即便没有了巨人，人的意志就是最强大的巨人。,即便 艾伦 的 头颅 被 砍 了 下来 ， 他 的 意志 也 依然 在 持续 不断 的 进击 着 ， 身边 的 伙伴 也 会 因为 他 的 意志 而 继续 进击 着 ， 即便 没有 了 巨人 ， 人 的 意志 就是 最 强大 的 巨人 。
fc9b17004a7c4d70,中国,总集篇 打卡路过。。。,总集 篇   打卡 路过 。 。 。
5335f7207c62447b,中国,动漫的视觉效果成功掩盖了结局的不足,动漫 的 视觉效果 成功 掩盖 了 结局 的 不足
f6b8309474844d62,中国,新增了一个有趣的post credit。在这几年间经历了更多，就越能理解谏山的结尾。不放下执念就无法前进，不做出退让就没法达成共识，不互相尊重就永远无法和平。群体意识总是难以改变的，但至少可以从个人开始尽力做好。,新增 了 一个 有趣 的 post   credit 。 在 这 几年 间 经历 了 更 多 ， 就 越 能 理解 谏山 的 结尾 。 不 放下 执念 就 无法 前进 ， 不 做出 退让 就 没法 达成 共识 ， 不 互相 尊重 就 永远 无法 和平 。 群体 意识 总是 难以 改变 的 ， 但 至少 可以 从 个人 开始 尽力 做好 。
c0d0ae4cc575472a,中国,当你们谈论死后地狱的罪与罚，你们俯瞰的大地是此刻离地狱最近的地方，ema，纵然为了保护亲人，那些投降于命运的时刻有没有悬崖前自由的眩晕？不被殉灭的理想也有随波逐流的平庸，追逐着爱人的踪影哪里是自我的边界？谏山创你如果不是139话的奴隶也许巨人能被更好打磨，不过也足够多了,当 你们 谈论 死后 地狱 的 罪与罚 ， 你们 俯瞰 的 大地 是 此刻 离 地狱 最近 的 地方 ， ema ， 纵然 为了 保护 亲人 ， 那些 投降 于 命运 的 时刻 有没有 悬崖 前 自由 的 眩晕 ？ 不 被 殉灭 的 理想 也 有 随波逐流 的 平庸 ， 追逐 着 爱人 的 踪影 哪里 是 自我 的 边界 ？ 谏 山创 你 如果 不是 139 话 的 奴隶 也许 巨人 能 被 更好 打磨 ， 不过 也 足够 多 了
80ddcb50dbb440f3,中国,总集篇。没看。不看,总集 篇 。 没 看 。 不看
0d5c93881c5a4171,中国,离去的调查军团的人们每次一出来我就开始哭 这是你们献出心脏的结局 我无法评价 看完的现在根本不想去追求一个解决办法 只是欣慰大家都有一个结局了 这一路颠沛流离 都辛苦了,离去 的 调查 军团 的 人们 每次 一 出来 我 就 开始 哭   这是 你们 献出 心脏 的 结局   我 无法 评价   看 完 的 现在 根本 不想 去 追求 一个 解决办法   只是 欣慰 大家 都 有 一个 结局 了   这 一路 颠沛流离   都 辛苦 了
dbb943ec0e1a4c9a,中国,合集，以及一个4分钟的彩蛋,合集 ， 以及 一个 4 分钟 的 彩蛋
1016505d65a74dfd,中国,特地去香港看，再一次哭得稀里哗拉,特地去 香港 看 ， 再 一次 哭 得 稀里 哗 拉
82fae4ae0cde4ad3,中国,这辈子看过最震撼的动漫，没有之一,这辈子 看过 最 震撼 的 动漫 ， 没有 之一
aca3409392f542b4,中国,虽然已经看过结局多年了，再看一遍依然百脸懵逼啊,虽然 已经 看过 结局 多年 了 ， 再 看一遍 依然 百脸 懵 逼 啊
cea3331a8a394740,中国,2025.01.10/ Kuala Lumpur/ chears Sentral eren，謝謝你為我系上圍巾。 比漫畫更讓人震撼，韓吉獻出心臟的時候眼淚無法克制。 很感動的是彩蛋，看到爆哭，故事終於結尾。 （有人發現現代mikasa的裝扮完全在致敬nana嗎！已經絕版的vivienne戒指，黑紅格子裙，煙燻妝。??,2025.01 . 10 /   Kuala   Lumpur /   chears   Sentral   eren ， 謝謝 你 為 我系 上 圍巾 。   比漫畫 更 讓 人 震撼 ， 韓吉獻出 心臟 的 時候 眼淚 無法 克制 。   很 感動 的 是 彩蛋 ， 看到 爆哭 ， 故事 終於結 尾 。   （ 有人 發現 現代 mikasa 的 裝扮 完全 在 致敬 nana 嗎 ！ 已經 絕版 的 vivienne 戒指 ， 黑紅 格子裙 ， 煙 燻 妝 。 ??
31baab174243485e,中国,有一个可以思念的人，就是幸福——《情书》岩井俊二,有 一个 可以 思念 的 人 ， 就是 幸福 — — 《 情书 》 岩 井俊二
c40d7f2f355146dd,中国,??在电影院看真的好爽，我永远喜欢巨人,?? 在 电影院 看 真的 好爽 ， 我 永远 喜欢 巨人
f64bd115e00a4fe8,中国,彩蛋,彩蛋
57841babb2e54b02,中国,穿了兵長跟韓吉道別場面的卡通畫T恤、戴著紅圍巾、很有自知之明地沒有畫眼妝、準備好擦眼淚的小手絹、跑去電影院看了巨人的電影。 字幕最後的彩蛋讓人覺得好圓滿。,穿 了 兵長 跟 韓吉道 別場面 的 卡通 畫 T恤 、 戴著 紅圍 巾 、 很 有 自知之明 地 沒 有畫 眼妝 、 準備 好 擦 眼淚 的 小手 絹 、 跑 去電 影院 看 了 巨人 的 電影 。   字幕 最 後 的 彩蛋 讓 人覺 得 好 圓滿 。
5afda31def304d4b,中国,重新丰满后的总结篇看了仍然是难过，每个人都很悲壮，而艾伦的牺牲非得是不可避免的吗？,重新 丰满 后 的 总结 篇 看 了 仍然 是 难过 ， 每个 人 都 很 悲壮 ， 而 艾伦 的 牺牲 非得 是 不可避免 的 吗 ？
6fdb2b76d4824ca1,中国,1.除了片尾短片彩蛋之外没有任何新增画面。,1 . 除了 片尾 短片 彩蛋 之外 没有 任何 新增 画面 。
6c31930da55c4bac,中国,电影版的结局虽然已经优化完整逻辑了，但还是让人在最后的最后憋了一口气，真的是不痛快的结局 烂尾无疑 巨小鬼更可怜,电影版 的 结局 虽然 已经 优化 完整 逻辑 了 ， 但 还是 让 人 在 最后 的 最后 憋 了 一口气 ， 真的 是 不 痛快 的 结局   烂尾 无疑   巨 小鬼 更 可怜
6ece95aa1b164eb9,中国,剧场版似乎剧情没有啥变化... 我还是很怀念巨人啊,剧场版 似乎 剧情 没有 啥 变化 ...   我 还是 很 怀念 巨人 啊
a092632cfb6c4e0b,中国,一个民族有一群仰望星空的人，他们才有希望。——黑格尔,一个 民族 有 一群 仰望 星空 的 人 ， 他们 才 有 希望 。 — — 黑格尔
3a67cb4218c147c9,中国,假如，我是说假如有人骂巨人的话我真的不明白对方是何等弱智才会有如此发言。我只能说批评的内容要么无关痛痒要么压根就没看懂。,假如 ， 我 是 说 假如 有人 骂 巨人 的话 我 真的 不 明白 对方 是 何等 弱智 才 会 有 如此 发言 。 我 只能 说 批评 的 内容 要么 无关痛痒 要么 压根 就 没 看 懂 。
4182d76bd7b247b7,中国,神作 无需多言,神作   无需 多言
3a1d4fcbe2154d49,中国,神作，结局并没有说的那么烂，而且里面草灰蛇线，伏脉千里，更是令人始料未及，作为反战题材，更是达到了许多动漫未曾抵达的高度，其马来篇更是将这部动漫的深度拉上了无人可及的地方，而且真正的结局，也并不是三笠斩下艾伦的头，而是一位少年又一次走进了那可树下，战争永远不会停止，这是人类的第一大罪，真正的地鸣总有一天会彻底发动。,神作 ， 结局 并 没有 说 的 那么 烂 ， 而且 里面 草灰 蛇线 ， 伏脉 千里 ， 更是 令人 始料未及 ， 作为 反战 题材 ， 更是 达到 了 许多 动漫 未曾 抵达 的 高度 ， 其 马来 篇 更是 将 这部 动漫 的 深度 拉上 了 无人 可及 的 地方 ， 而且 真正 的 结局 ， 也 并 不是 三笠 斩 下 艾伦 的 头 ， 而是 一位 少年 又 一次 走进 了 那 可树下 ， 战争 永远 不会 停止 ， 这是 人类 的 第一 大罪 ， 真正 的 地鸣 总有一天 会 彻底 发动 。
d948752b83514b5e,中国,前后左右哭得稀里哗啦。i can tell。,前后左右 哭 得 稀里哗啦 。 i   can   tell 。
e84dc55a2a0a478f,中国,大周二的着急忙慌去影院看了。虽然加上漫画算是看了三遍还是大悲大泪，但最后的彩蛋又添了些小小的慰藉…在平行世界里三人组也可以是为了一部电影吵吵闹闹的高中生??,大 周二 的 着 急忙 慌去 影院 看 了 。 虽然 加上 漫画 算是 看 了 三遍 还是 大悲 大泪 ， 但 最后 的 彩蛋 又 添 了 些 小小的 慰藉 … 在 平行 世界 里 三人组 也 可以 是 为了 一部 电影 吵吵闹闹 的 高中生 ??
796819cb0ea64eb9,中国,HOYTS Sunnybank. 昨天还补了前三季chronicles 电影。原来是这样的一个故事啊。看完亮灯站起来发现有一个金发老太太单独一人来看，想知道她的故事哈哈哈哈,HOYTS   Sunnybank .   昨天 还 补 了 前三季 chronicles   电影 。 原来 是 这样 的 一个 故事 啊 。 看 完 亮灯 站 起来 发现 有 一个 金发 老太太 单独 一人 来看 ， 想 知道 她 的 故事 哈哈哈哈
67ecb33823ae4c92,中国,缺少了第四季前面那些马莱人的故事作为铺垫，这最后两个小时给人的震撼减了不少。 \n很喜欢最后彩蛋里艾伦的话，能和好朋友一起看一部电影就已经很幸福了。 240227 with czt&qr,缺少 了 第四季 前面 那些 马莱人 的 故事 作为 铺垫 ， 这 最后 两个 小时 给 人 的 震撼 减了 不少 。   \ n 很 喜欢 最后 彩蛋 里 艾伦 的话 ， 能 和 好 朋友 一起 看 一部 电影 就 已经 很 幸福 了 。   240227   with   czt & qr
170fc6c71bfd4e83,中国,for 美高彩蛋??不管哪个世界观都是可爱的EMA三人组。“伏笔都回收了结局很好”vs“我可是等了十年！根本没有合理的答案 这结局不好”vs“一起看电影很开心下次还有一起”啊啊完美映射了当年看完139（加页版）的三种主要心情,for   美高 彩蛋 ?? 不管 哪个 世界观 都 是 可爱 的 EMA 三人组 。 “ 伏笔 都 回收 了 结局 很 好 ” vs “ 我 可是 等 了 十年 ！ 根本 没有 合理 的 答案   这 结局 不好 ” vs “ 一起 看 电影 很 开心 下次 还有 一起 ” 啊 啊 完美 映射 了 当年 看 完 139 （ 加页 版 ） 的 三种 主要 心情
bd6ea5a13f8e43b7,中国,还是无法共情,还是 无法 共情
95a75d30f7124b30,中国,没想到是去年上映的 片尾的彩蛋很有意思 三个人永远活在没有战争的平行时空里一直一直幸福下去吧,没想到 是 去年 上映 的   片尾 的 彩蛋 很 有意思   三个 人 永远 活在 没有 战争 的 平行 时空 里 一直 一直 幸福 下去 吧
2e273c1041194ec3,中国,补了一下就当二刷,补 了 一下 就 当二刷
31f0c507d6144fdc,中国,其实坏人可以都让吉克当，没必要让艾伦黑化。有点为了特定的场面而硬编剧情。,其实 坏人 可以 都 让 吉克当 ， 没 必要 让 艾伦 黑化 。 有点 为了 特定 的 场面 而 硬 编剧 情 。
bc36c3815fe4427e,中国,可以在电影院看巨人真好,可以 在 电影院 看 巨人 真 好
0bebbc55ba4f40a8,中国,看到了一个并不圆满但是回收了之前草蛇灰线的伏笔的结局，十年值得了。彩蛋很可爱，感觉是特地为了安慰伤心的观众，明明是主角+反派，但看到最后也没办法责怪杀了全世界八成人的艾伦。谏山创的台词设计一般，艾伦最后的独白有点尬，但这不影响全片的精彩性。,看到 了 一个 并 不 圆满 但是 回收 了 之前 草蛇灰线 的 伏笔 的 结局 ， 十年 值得 了 。 彩蛋 很 可爱 ， 感觉 是 特地 为了 安慰 伤心 的 观众 ， 明明 是 主角 + 反派 ， 但 看到 最后 也 没 办法 责怪 杀 了 全世界 八成 人 的 艾伦 。 谏 山创 的 台词 设计 一般 ， 艾伦 最后 的 独白 有点 尬 ， 但 这 不 影响 全片 的 精彩 性 。
c8204451cdcc4d4d,中国,截止2024年地球最屌的电影，不懂的人一分钟都云里雾里，懂的人每秒钟都是鸡皮疙瘩,截止 2024 年 地球 最 屌 的 电影 ， 不 懂 的 人 一分钟 都 云里雾里 ， 懂 的 人 每秒钟 都 是 鸡皮疙瘩
8399ba4a16da480b,中国,EMPEROR CINEMAS LISBOETA 25.01.24 15:20,EMPEROR   CINEMAS   LISBOETA   25.01 . 24   15 : 20
665b3ad95f9944d3,中国,又在电影院充值了一下信仰！,又 在 电影院 充值 了 一下 信仰 ！
78741785d3df44b8,中国,そこまで格好悪いことを言うと…,そ こ ま で 格好 悪 い こ と を 言 う と …
649c0cbb12144a2f,中国,时长过多有些啰嗦，但还是好作品。,时长 过 多 有些 啰嗦 ， 但 还是 好 作品 。
9633b493df2d49df,中国,总集篇原来是完结篇的整合。最后的彩蛋很棒。,总集 篇 原来 是 完结篇 的 整合 。 最后 的 彩蛋 很棒 。
98a6c7a150294a18,中国,在電影院看真的太爽了??結尾彩蛋有要展開巨人宇宙的意思,在電 影院 看 真的 太爽了 ? ? 結尾 彩蛋 有要 展開 巨人 宇宙 的 意思
bcbbcdda96054fc4,中国,这就是结局了吧，献出心脏的结局。,这 就是 结局 了 吧 ， 献出 心脏 的 结局 。
a84fa76fd3674eea,中国,主要是为了看一下彩蛋，巨人再过一百年我也会喜欢，我爱所有人,主要 是 为了 看 一下 彩蛋 ， 巨人 再 过 一百年 我 也 会 喜欢 ， 我 爱 所有人
1a363d60264a4f2b,中国,法国重映整个厅都坐满了，影厅里面还有仨工作人员维持秩序，不知道的以为时光倒流到小丑枪击案那一年了（111）。新老二次元齐聚一堂啥年龄段都有啊啊，算是弥补了一下我中学时代没看过进击的巨人的空白吧。但说实话这个世界观和价值观我真的get不到，打斗场面蛮帅的而且高光基本给到女生，音乐好听，情节组织得比较稀烂。最后mikasa抱着艾伦的头到处走有点地狱笑话那意思…播完之后小孩子们集体鼓掌了。氮素他们在中间某些地方笑得也很开心，有时候我觉得法国人根本无法理解大悲之中的惨淡的微笑，无论什么时候笑都给人感觉很浅薄很无脑。（不是怎么还有两部final season，差点评错分。）,法国 重映 整个 厅 都 坐满 了 ， 影厅 里面 还有 仨 工作人员 维持秩序 ， 不 知道 的 以为 时光倒流 到 小丑 枪击案 那 一年 了 （ 111 ） 。 新老 二次元 齐聚一堂 啥 年龄段 都 有 啊 啊 ， 算是 弥补 了 一下 我 中学 时代 没 看过 进击 的 巨人 的 空白 吧 。 但 说实话 这个 世界观 和 价值观 我 真的 get 不到 ， 打斗 场面 蛮帅 的 而且 高光 基本 给 到 女生 ， 音乐 好听 ， 情节 组织 得 比较 稀烂 。 最后 mikasa 抱 着 艾伦 的 头 到处 走 有点 地狱 笑话 那 意思 … 播完 之后 小孩子 们 集体 鼓掌 了 。 氮素 他们 在 中间 某些 地方 笑 得 也 很 开心 ， 有时候 我 觉得 法国人 根本无法 理解 大悲 之中 的 惨淡 的 微笑 ， 无论 什么 时候 笑 都 给 人 感觉 很 浅薄 很 无脑 。 （ 不是 怎么 还有 两部 final   season ， 差 点评 错 分 。 ）
25fcbc330d9c434c,中国,到死都不会忘。,到 死 都 不会 忘 。
f8f4d02656724f8a,中国,Requiem,Requiem
8084f847451643bd,中国,“路上小心，艾伦”,“ 路上 小心 ， 艾伦 ”
121ed5fc24c74a14,中国,等于把最终章再看一遍，终于结束了呢,等于 把 最终 章 再 看一遍 ， 终于 结束 了 呢
cbff1139209340f8,中国,没想到有一天在大荧幕上看到巨人的完结篇。。,没想到 有 一天 在 大 荧幕 上 看到 巨人 的 完结篇 。 。
f4f34646adf243a4,中国,结束了。有遗憾但又最好的结局。谢谢你艾伦，辛苦了。三笠去寻找你的幸福吧。,结束 了 。 有 遗憾 但 又 最好 的 结局 。 谢谢 你 艾伦 ， 辛苦 了 。 三笠 去 寻找 你 的 幸福 吧 。
8b203ae31c774d00,中国,看完进击的巨人，像做了一个个长长的梦，梦里的艾伦依然正义，但是这世界像个巨大的染池，谁都无法幸免，恶与未竟的一切，唉，放的是前两集的合集，加了最后的观众视角画中画，有点失望,看 完 进击 的 巨人 ， 像 做 了 一个个 长长的 梦 ， 梦里 的 艾伦 依然 正义 ， 但是 这 世界 像 个 巨大 的 染池 ， 谁 都 无法 幸免 ， 恶 与 未竟 的 一切 ， 唉 ， 放 的 是 前 两集 的 合集 ， 加 了 最后 的 观众 视角 画中画 ， 有点 失望
206dd216e7e146cf,中国,同样作为最后几集剪辑成的总集篇，比隔壁钢炼好看多了，厚古薄今不可取,同样 作为 最后 几集 剪辑 成 的 总集 篇 ， 比 隔壁 钢炼 好看 多 了 ， 厚古薄今 不 可取
c838be20601d459b,中国,一次看个爽,一次 看个 爽
4126722020a04972,中国,只是观众而已,只是 观众 而已
bc918957f1ce41c2,中国,补彩蛋，旋风影院清洁工利歪俺笑到了,补 彩蛋 ， 旋风 影院 清洁工 利歪 俺 笑 到 了
179770421adc4d7b,中国,为十年划上一个圆满的句号,为 十年 划 上 一个 圆满 的 句号
685911df7a8c4796,中国,心臓を捧げよ!,心 臓 を 捧 げ よ !
3f6551778be24100,中国,路上小心，艾伦。,路上 小心 ， 艾伦 。
644f4c9c4da54980,中国,写不好哲学，没想清楚政治就不要写。瞎输出些东西嚯嚯你眼中自以为希望的青少年。,写 不好 哲学 ， 没 想 清楚 政治 就 不要 写 。 瞎 输出 些 东西 嚯 嚯 你 眼中 自 以为 希望 的 青少年 。
3dda27940ab24fa3,中国,国内为什么不上映π_π,国内 为什么 不 上映 π _ π
781b1719ca1e4e11,中国,片尾彩蛋蛮好,片尾 彩蛋 蛮 好
30167333f2bd4841,中国,算是很完整的故事了，三观和人设都不喜欢，但，场面设计是非常牛,算是 很 完整 的 故事 了 ， 三观 和 人设 都 不 喜欢 ， 但 ， 场面 设计 是 非常 牛
ed63429862c34d86,中国,mappa还原漫画真的很优秀，到最终的最终，感谢mappa，不然可能真的没办法看到动起来的巨人了,mappa 还原 漫画 真的 很 优秀 ， 到 最终 的 最终 ， 感谢 mappa ， 不然 可能 真的 没 办法 看到 动 起来 的 巨人 了
8885c49c55fe4084,中国,前篇后篇竟然又能合成出来一个剧场版，可谓是文学价值和商业价值并重的佳作。,前篇后 篇 竟然 又 能 合成 出来 一个 剧场版 ， 可谓 是 文学 价值 和 商业价值 并重 的 佳作 。
5ce1ad018a5149bc,中国,在大屏幕上看兵长 看韩吉 真开心. 看到最后官方自己的吐槽大家都笑了. 那是十多年的岁月啊!!,在 大屏幕 上 看 兵长   看 韩吉   真 开心 .   看到 最后 官方 自己 的 吐 槽 大家 都 笑 了 .   那 是 十多年 的 岁月 啊 ! !
ecd52bfa3ec54588,中国,巴尔的摩暴雪也没有阻止我们去电影院的心,巴尔的摩 暴雪 也 没有 阻止 我们 去 电影院 的 心
ee742697647c45f5,中国,韩吉那一段没bgm的时候整个影厅只有哭抽抽的声音、,韩吉 那 一段 没 bgm 的 时候 整个 影厅 只有 哭 抽抽 的 声音 、
29adcc0931d04bf1,中国,我以为三十岁之后就不会犯中二了,我 以为 三十岁 之后 就 不会 犯中 二 了
e748152cb8af4d5f,中国,现实主义的结局愈发深刻，但我始终不能和解谏人只用一话就把自己的角色拉踩成了拥有超能力的傻逼。即使如此，这也是过去十年最伟大的动画。,现实主义 的 结局 愈发 深刻 ， 但 我 始终 不能 和解 谏 人 只用 一话 就 把 自己 的 角色 拉 踩 成 了 拥有 超能力 的 傻 逼 。 即使如此 ， 这 也 是 过去 十年 最 伟大 的 动画 。
2e74d68de75c4a58,中国,补标，去年看完的，忘记标记了。,补标 ， 去年 看 完 的 ， 忘记 标记 了 。
2f7ee82d75fa450a,中国,进击的巨人。,进击 的 巨人 。
3b62a5ab7d16483f,中国,再看一遍依然五星，片尾动画立意深刻，不管和平是怎么来的，都只能短暂地保持，人类永远不珍惜来之不易的和平，当时间长了，力量不均衡了，人类又会开始互相争斗！结尾彩蛋大惊喜，剧中人活到了现实中，幸福的事不就是几个好朋友一起去看电影么，关注的不是剧情和结局，而是朋友在一起的感觉！,再 看一遍 依然 五星 ， 片尾 动画 立意 深刻 ， 不管 和平 是 怎么 来 的 ， 都 只能 短暂 地 保持 ， 人类 永远 不 珍惜 来之不易 的 和平 ， 当 时间 长 了 ， 力量 不 均衡 了 ， 人类 又 会 开始 互相 争斗 ！ 结尾 彩蛋 大 惊喜 ， 剧中人 活到 了 现实 中 ， 幸福 的 事 不 就是 几个 好 朋友 一起 去 看 电影 么 ， 关注 的 不是 剧情 和 结局 ， 而是 朋友 在 一起 的 感觉 ！
60d4f7dbd37e41e2,中国,谢谢，我的十一年又正式结束了一次。,谢谢 ， 我 的 十一年 又 正式 结束 了 一次 。
bda9263e03df4d94,中国,爱过,爱过
0ca832eaa2e549ed,中国,这个作者没有了解过社会主义中国，所以只能想象出人类的争斗只会无休止的弱智想法,这个 作者 没有 了解 过 社会主义 中国 ， 所以 只能 想象 出 人类 的 争斗 只会 无休止 的 弱智 想法
15e4fa935e804eae,中国,哭死了 在影院把韩吉送走.....,哭死了   在 影院 把 韩吉 送走 .....
b2b8bd9dd45640f6,中国,你们看到了吗，这就是你们献出心脏的结局。,你们 看到 了 吗 ， 这 就是 你们 献出 心脏 的 结局 。
394524a4b0b64e60,中国,这就是自由,这 就是 自由
f3510a2a8419460c,中国,看了总集篇稍微有些释然，以前对结局多么的不满也好像找到了点也许是自适应的解释。 “一个随处可见的笨蛋，得到了莫大的力量，就只会迎来这种无意义的结局。”这应该是谏山创本人对于艾伦自己以及他所象征的军国主义人物的真实想法了。所以他最后无论多么的出洋相我都明白，那其实是真实的他：以为能震撼乾坤其实不过是个没几年好活的傻子。帕拉迪岛现代化后的战争中有他墓碑的一个镜头，那也许是炮火和他之间的互相嘲讽吧。无论如何，这场横跨 12 年的漫长的梦，终于要告别了。,看 了 总集 篇 稍微 有些 释然 ， 以前 对 结局 多么 的 不满 也 好像 找到 了 点 也许 是 自 适应 的 解释 。   “ 一个 随处可见 的 笨蛋 ， 得到 了 莫大 的 力量 ， 就 只会 迎来 这种 无 意义 的 结局 。 ” 这 应该 是 谏 山创 本人 对于 艾伦 自己 以及 他 所 象征 的 军国主义 人物 的 真实 想法 了 。 所以 他 最后 无论 多么 的 出洋相 我 都 明白 ， 那 其实 是 真实 的 他 ： 以为 能 震撼 乾坤 其实 不过 是 个 没 几年 好活 的 傻子 。 帕拉迪 岛 现代化 后 的 战争 中有 他 墓碑 的 一个 镜头 ， 那 也许 是 炮火 和 他 之间 的 互相 嘲讽 吧 。 无论如何 ， 这场 横跨   12   年 的 漫长 的 梦 ， 终于 要 告别 了 。
7b7e77a67b6144e8,中国,加了好多新镜头。又想说莉莉到底为什么那么爱文子了,加 了 好多 新 镜头 。 又 想 说 莉莉 到底 为什么 那么 爱文子 了
d3da1305ed15488b,中国,这就画上句号了吗？,这 就 画 上 句号 了 吗 ？
d4b4c28cc82949a6,中国,2025.1 没看完动画直接看结局的感受确实是烂尾,2025.1   没看 完 动画 直接 看 结局 的 感受 确实 是 烂尾
91aeeb824c7b42d6,中国,是在這裡把結尾看了，於是看到了最好版本的結尾吧??,是 在 這裡 把 結尾 看 了 ， 於 是 看到 了 最好 版本 的 結尾 吧 ? ?
8a4e6c2b9afa4e36,中国,还是挺奇妙的，快速看完了总集篇，居然有了想把巨人再看一遍的想法。,还是 挺 奇妙 的 ， 快速 看 完 了 总集 篇 ， 居然 有 了 想 把 巨人 再 看一遍 的 想法 。
3857c4dd81044e01,中国,为了彩蛋又虐一遍,为了 彩蛋 又 虐 一遍
2672055932d84073,中国,歴史は繰り返す。,歴 史 は 繰 り 返 す 。
9929be419b564420,中国,仅仅是因为去除执念吗？,仅仅 是因为 去除 执念 吗 ？
86bac2a337604a19,中国,已下,已下
72b3f16da4d04780,中国,想了半天也写不出评论，算了,想 了 半天 也 写 不出 评论 ， 算了
ae6fca755ae044c9,中国,感受都在别的词条下说了，总之《巨人》一定会是超越时代的经典！I’m sure of it！片尾曲的战火是心里永远的痛……但最后看电影的三个人简直绝了！！Armin会是眼镜小学究，Mikasa是哥特女神，而Eren是珍惜友情的好宝宝。哦对，还有清洁工Levi??，太可爱了！唯一更适合打仗的人就是他了！“所以巨人到底真的存在吗？”镜头给到了Ymir觉醒的大树。神了。,感受 都 在 别的 词条 下 说 了 ， 总之 《 巨人 》 一定 会 是 超越 时代 的 经典 ！ I ’ m   sure   of   it ！ 片尾曲 的 战火 是 心里 永远的痛 … … 但 最后 看 电影 的 三个 人 简直 绝 了 ！ ！ Armin 会 是 眼镜 小 学究 ， Mikasa 是 哥特 女神 ， 而 Eren 是 珍惜 友情 的 好 宝宝 。 哦 对 ， 还有 清洁工 Levi ?? ， 太 可爱 了 ！ 唯一 更 适合 打仗 的 人 就是 他 了 ！ “ 所以 巨人 到底 真的 存在 吗 ？ ” 镜头 给 到 了 Ymir 觉醒 的 大树 。 神 了 。
a490aa4071e64031,中国,和板橋さん去看 果然还是又一次让我想起了零之镇魂曲,和 板橋 さ ん 去 看   果然 还是 又 一次 让 我 想起 了 零之镇 魂曲
273cc861140149e8,中国,尤弥尔，一个被NPD困住了2000年的血包,尤弥尔 ， 一个 被 NPD 困住 了 2000 年 的 血包
281de1e880d64291,中国,也是在影院哭爽了，特别是最后的美高彩蛋??,也 是 在 影院 哭爽 了 ， 特别 是 最后 的 美高 彩蛋 ??
28744293fd1c49a5,中国,好好看啊 第一次看进击的巨人这个动漫系列 觉得剧情和配乐都做的好好 挺感人的 片尾的树也好好看 很漂亮 不知道在日本哪里 希望有朝一日可以去到现场亲眼看到。,好好看 啊   第一次 看 进击 的 巨人 这个 动漫 系列   觉得 剧情 和 配乐 都 做 的 好好   挺 感人 的   片尾 的 树 也好 好看   很漂亮   不 知道 在 日本 哪里   希望 有朝一日 可以 去 到 现场 亲眼看到 。
fd12d887d8a345ba,中国,很好看。但是看完很不舒服，最该得到幸福的人没有幸福,很 好看 。 但是 看 完 很 不 舒服 ， 最该 得到 幸福 的 人 没有 幸福
3708d70c9b2e4d33,中国,9.0 最後彩蛋超级惊喜,9.0   最 後 彩蛋 超级 惊喜
3326bed4f1904680,中国,重新完整从第一集看了一次巨人，又看了这部集合版的剧场版。说实话这么几年过去，再次看到结尾槽点只是笑一笑后，发现自己对结局的怨念已经消失殆尽。也许是一起看的人在为主角们感伤，也许是因为自己确实喜欢，总之实在没法在当时用“你看，这些地方很搞笑很逆天吧”这种跨时空批判来破坏观感，更多的是传达自己认为好的地方。再一次思考当年和因舆论反噬撕下粉丝标签的朋友一起骂它，究竟是因为我当时真心觉得它有这么不堪，还是只是想附和来维护气氛。不管怎样，在已经会把六分烂片标为最喜欢电影之一的现在，我也没有那么大的包袱必须要用分数和舆论去审核自己的喜欢和讨厌。我喜欢巨人，这十年内看的很爽，这就够了。,重新 完整 从 第一集 看 了 一次 巨人 ， 又 看 了 这部 集合版 的 剧场版 。 说实话 这么 几年 过去 ， 再次 看到 结尾 槽 点 只是 笑一笑 后 ， 发现自己 对 结局 的 怨念 已经 消失 殆尽 。 也许 是 一起 看 的 人 在 为 主角 们 感伤 ， 也许 是因为 自己 确实 喜欢 ， 总之 实在 没法 在 当时 用 “ 你 看 ， 这些 地方 很 搞笑 很逆天 吧 ” 这种 跨 时空 批判 来 破坏 观感 ， 更 多 的 是 传达 自己 认为 好 的 地方 。 再 一次 思考 当年 和 因 舆论 反噬 撕下 粉丝 标签 的 朋友 一起 骂 它 ， 究竟 是因为 我 当时 真心 觉得 它 有 这么 不堪 ， 还是 只是 想 附和 来 维护 气氛 。 不管怎样 ， 在 已经 会 把 六分 烂片 标为 最 喜欢 电影 之一 的 现在 ， 我 也 没有 那么 大 的 包袱 必须 要 用 分数 和 舆论 去 审核 自己 的 喜欢 和 讨厌 。 我 喜欢 巨人 ， 这 十年 内 看 的 很爽 ， 这 就 够 了 。
6720b0830a42473a,中国,10分-1合集,10 分 - 1 合集
e51878d395b64b11,中国,香港MCL戏院再看一次，多了关于“理解”的理解。每个人都如尤弥尔一样，渴望与世界产生实际的联结，渴望被理解，渴望被爱，才能战胜自我的类似于“爱情”的枷锁。三小只都好喜欢，艾伦的进击，阿尔敏的温柔，三笠的勇敢。,香港 MCL 戏院 再 看 一次 ， 多 了 关于 “ 理解 ” 的 理解 。 每个 人 都 如 尤弥尔 一样 ， 渴望 与 世界 产生 实际 的 联结 ， 渴望 被 理解 ， 渴望 被 爱 ， 才能 战胜 自我 的 类似 于 “ 爱情 ” 的 枷锁 。 三小只 都 好 喜欢 ， 艾伦 的 进击 ， 阿尔敏 的 温柔 ， 三笠 的 勇敢 。
86ec0fe989d84f50,中国,六星,六星
230ec06b0e014aec,中国,塔塔开,塔塔开
bf0d68cd80d44e9d,中国,加纳 艾伦,加纳   艾伦
c460f9c250af4b30,中国,5 为mikasa献出心脏！！！！,5   为 mikasa 献出 心脏 ！ ！ ！ ！
aeb55f2949a84539,中国,难忘的夜晚,难忘 的 夜晚
cc530d83056c4cf4,中国,想起了四年前疯狂吐槽结尾的狂潮。这都四年了吗？不可思议。结尾的歌曲串烧很喜欢。MAPPA的作画真的不太行，本来以为至少在作画层面，剧场版会像鬼灭的质量那样高的，哎。不论如何，一切都已结束，我想起来大一的时候宿舍没网，跟室友去网吧在网吧里看巨人的日子。往事随风飘散。,想起 了 四年 前 疯狂 吐槽 结尾 的 狂潮 。 这 都 四年 了 吗 ？ 不可思议 。 结尾 的 歌曲 串烧 很 喜欢 。 MAPPA 的 作画 真的 不 太行 ， 本来 以为 至少 在 作画 层面 ， 剧场版 会 像 鬼 灭 的 质量 那样 高 的 ， 哎 。 不论如何 ， 一切 都 已 结束 ， 我 想 起来 大一 的 时候 宿舍 没网 ， 跟 室友 去 网吧 在 网吧 里 看 巨人 的 日子 。 往事 随风飘 散 。
804661fd060b421f,中国,谁能想到 我有朝一日居然心情差到看完巨人的剧场版都觉得被治愈了 在电影院狂哭2个小时 真的太太太解压了 彩蛋里 阿米尔和米加莎问艾伦更喜欢哪个结局 艾伦愣了一下说 其实只要是和你们看电影我就很开心了 呜呜呜呜呜呜呜呜代入到剧情里面何尝不是呢 唉 14年开始看巨人 知道大结局的时候我直喷这简直就是狗屎 可是我还是会愿意买很贵的票就去看它 还是会在看彩蛋后突然就放下了 算啦??我原谅你了谏山创 没有巨人我估计都不会变成二次元不会变成同人女 这部番对我来说简直就是贯穿人生 算了我真的原谅了T T果然白月光这种存在就是无法被打败的……无法被打败…… （不过说真的，剪得是真的乱七八糟，没事我会溺爱????） 哭爽了 又想从第一季重温了?? 永远的神作 唯一的 真正的神,谁 能 想到   我 有朝一日 居然 心情 差到 看 完 巨人 的 剧场版 都 觉得 被 治愈 了   在 电影院 狂哭 2 个 小时   真的 太太 太 解压 了   彩蛋 里   阿米尔 和 米加 莎问 艾伦 更 喜欢 哪个 结局   艾伦 愣 了 一下 说   其实 只要 是 和 你们 看 电影 我 就 很 开心 了   呜呜 呜呜 呜呜 呜呜 代入 到 剧情 里面 何尝 不是 呢   唉   14 年 开始 看 巨人   知道 大结局 的 时候 我 直喷 这 简直 就是 狗屎   可是 我 还是 会 愿意 买 很 贵 的 票 就 去 看 它   还是 会 在 看 彩蛋 后 突然 就 放下 了   算啦 ?? 我 原谅 你 了 谏 山创   没有 巨人 我 估计 都 不会 变成 二次元 不会 变成 同人女   这部 番 对 我 来说 简直 就是 贯穿 人生   算了 我 真的 原谅 了 T   T 果然 白月光 这种 存在 就是 无法 被 打败 的 … … 无法 被 打败 … …   （ 不过 说真的 ， 剪得 是 真的 乱七八糟 ， 没事 我会 溺爱 ?? ?? ）   哭爽 了   又 想 从 第一季 重温 了 ??   永远 的 神作   唯一 的   真正 的 神
e42e0be9ad274f59,中国,哪怕化身黑衣也要让人们短暂地团结在一起，哪怕百年之后人们就会忘记和平的来之不易，也要这么做吗？将一切巨人威胁集于我一身，并让自己个人幸福与爱的对象mikasa来终结自己，也要这么做吗？极致的个人英雄浪漫主义啊，可歌可泣！只有在漫画的想象中可以这么干吧。二刷后才看懂更多，无数次头皮发麻，尽管这不可能作为一种现实唯物的答案，但是对于一部以想象力为基础的漫画艺术作品而言，只能是??满分,哪怕 化身 黑衣 也 要 让 人们 短暂 地 团结 在 一起 ， 哪怕 百年之后 人们 就 会 忘记 和平 的 来之不易 ， 也 要 这么 做 吗 ？ 将 一切 巨人 威胁 集于 我 一身 ， 并 让 自己 个人 幸福 与 爱 的 对象 mikasa 来 终结 自己 ， 也 要 这么 做 吗 ？ 极致 的 个人 英雄 浪漫主义 啊 ， 可歌可泣 ！ 只有 在 漫画 的 想象 中 可以 这么 干 吧 。 二刷 后 才 看 懂 更 多 ， 无数次 头皮发麻 ， 尽管 这 不 可能 作为 一种 现实 唯物 的 答案 ， 但是 对于 一部 以 想象力 为 基础 的 漫画 艺术作品 而言 ， 只能 是 ?? 满分
d7d4eada09d44c19,中国,中途还看哭了几次。虽然我心中最完美的永远是漫画，马趴这次制作也算很有诚意了。谏山创这个剧本构思放到各种媒介史上都堪称教科书级别 #20250302Cambridge,中途 还 看 哭 了 几次 。 虽然 我 心中 最 完美 的 永远 是 漫画 ， 马 趴 这次 制作 也 算 很 有 诚意 了 。 谏 山创 这个 剧本 构思 放到 各种 媒介 史上 都 堪称 教科书 级别   # 20250302Cambridge
98fa23bf3f374958,中国,献出心脏吧！,献出 心脏 吧 ！
0f6f1d15b4904761,中国,三笠现代打扮有点出乎我的意料????,三笠 现代 打扮 有点 出乎 我 的 意料 ?? ??
239c40f1f7bf4c75,中国,好想看续集啊！好想看平行时空！,好 想 看 续集 啊 ！ 好 想 看 平行 时空 ！
f2fb7b3c8c2a4bd8,中国,内地不会上了吧 好可惜,内地 不会 上 了 吧   好 可惜
77abbf26c3564c9b,中国,最后的反战画面，坟墓下艾伦的无头之身，神作,最后 的 反战 画面 ， 坟墓 下 艾伦 的 无头 之 身 ， 神作
4561e6e8848b4500,中国,故事结构是完整的 主要是人物刻画实在满分，每个人物都很饱满 看完了，反而不知道说什么了，只是觉得太惨了，献出心脏。,故事 结构 是 完整 的   主要 是 人物 刻画 实在 满分 ， 每个 人物 都 很 饱满   看 完 了 ， 反而 不 知道 说 什么 了 ， 只是 觉得 太惨 了 ， 献出 心脏 。
b6e8a834309b4ed2,中国,世界是残酷的，但同时也是美丽的。即便我无法改变这个世界的残酷，我也依然追求着这个世界的美丽。,世界 是 残酷 的 ， 但 同时 也 是 美丽 的 。 即便 我 无法 改变 这个 世界 的 残酷 ， 我 也 依然 追求 着 这个 世界 的 美丽 。
0d993c36016547d4,中国,哭死我了OK,哭 死 我 了 OK
2b6fd2b4794b4e1a,中国,满分。,满分 。
977b97d91c9e444e,中国,完美,完美
09433e65216b47ea,中国,看漫画的时候觉得这个结尾真扯淡，现在看看其实也挺好的,看 漫画 的 时候 觉得 这个 结尾 真 扯淡 ， 现在 看看 其实 也 挺 好 的
5c52c1b912dc4ee0,中国,21年追漫画第一时间看到结局直接抑郁了两个月，那时候暗暗下决心绝对不会看动漫了。但here we are，算给那时候的自己一个closure,21 年 追 漫画 第一 时间 看到 结局 直接 抑郁 了 两个 月 ， 那 时候 暗暗 下决心 绝对 不会 看 动漫 了 。 但 here   we   are ， 算 给 那 时候 的 自己 一个 closure
3dd0f57be6334f53,中国,第二遍看完还是很震撼 在我看来我愿意把他排在我的动画top1 对战争、正义、政治、人性的深刻探讨这在动画史上是极为宝贵的 世界观的完整扎实 故事的铺垫 墙内外双线的咬合 人物的塑造都极为优秀 拓宽了动画叙事的边界和商业动画的艺术性方式 难得的佳作,第二遍 看 完 还是 很 震撼   在我看来 我 愿意 把 他 排 在 我 的 动画 top1   对 战争 、 正义 、 政治 、 人性 的 深刻 探讨 这 在 动画 史上 是 极为 宝贵 的   世界观 的 完整 扎实   故事 的 铺垫   墙 内外 双线 的 咬合   人物 的 塑造 都 极为 优秀   拓宽 了 动画 叙事 的 边界 和 商业 动画 的 艺术性 方式   难得 的 佳作
28cae22387104b12,中国,结局有鲁鲁修的影子,结局 有鲁鲁修 的 影子
b4d294569f164344,中国,艾伦，你也会喜欢这样的结局吧,艾伦 ， 你 也 会 喜欢 这样 的 结局 吧
158f9840d1ef4d52,中国,艾伦没和Mikasa在一起，这我有点受不了啊,艾伦 没 和 Mikasa 在 一起 ， 这 我 有点 受不了 啊
89ca8c4395ed4004,中国,不舍得看 但是必须五星QAQ,不 舍得 看   但是 必须 五星 QAQ
865336df320242ce,中国,哪怕我是抱着偏见去看这部作品，依然揪不出太多毛病，还有，这部作品并没有烂尾,哪怕 我 是 抱 着 偏见 去 看 这部 作品 ， 依然 揪 不 出太多 毛病 ， 还有 ， 这部 作品 并 没有 烂尾
f2d5ff4e340748a4,中国,画风 就像再也回不来的战士们,画风   就 像 再也 回不来 的 战士 们
055997ccdd6d439a,中国,tv完结篇总集,tv 完结篇 总集
d4ff4845fbf0457d,中国,印象最深的动画，尽管我看的有点晚了，是听到要完结了来补番的，一口气看完了，看完跟过了一生一样。,印象 最深 的 动画 ， 尽管 我 看 的 有点 晚 了 ， 是 听到 要 完结 了 来 补番 的 ， 一口气 看 完 了 ， 看 完 跟 过 了 一生 一样 。
c06dd15e72f74a05,中国,神鬼二象性。,神鬼 二象性 。
4138de95bc694758,中国,踩踩踩,踩 踩 踩
e4b1084dd6c14269,中国,补签,补签
47b33a7d61264587,中国,我们每个人生来都是自由的。,我们 每个 人生 来 都 是 自由 的 。
8489a791d1184f8c,中国,彩蛋里你们还在一块??暖暖的很安心 兵长怎么成清洁工了??,彩蛋 里 你们 还 在 一块 ?? 暖暖的 很 安心   兵长 怎么 成 清洁工 了 ??
9e2cf656a3544721,中国,nb神作超宏大 痛到有点创伤性失忆了甚至 太好了又可以带着不记得剧情的脑子再看一遍了,nb 神作超 宏大   痛到 有点 创伤性 失忆 了 甚至   太好了 又 可以 带 着 不 记得 剧情 的 脑子 再 看一遍 了
43a8eaabe917476f,中国,8.2,8.2
337bc0a51b21407d,中国,我怎么看了这么一部剧？刀死我了…,我 怎么 看 了 这么 一部 剧 ？ 刀 死 我 了 …
f89d0a6d62df4fd7,中国,不用多说 神作 看懂这部动漫的恨不起来任何角色了。,不用 多 说   神作   看 懂 这部 动漫 的 恨 不 起来 任何 角色 了 。
719d92ae9f44435b,中国,undefined,undefined
e2542dafabdc47fa,中国,看完漫画结局几年后又捡起来把动画从头到尾顺了一遍，发现自己也跟结局和解了。今年的主题就是原谅，原谅完TLOU2再原谅巨人。,看 完 漫画 结局 几年 后 又 捡起来 把 动画 从头到尾 顺 了 一遍 ， 发现自己 也 跟 结局 和解 了 。 今年 的 主题 就是 原谅 ， 原谅 完 TLOU2 再 原谅 巨人 。
1ae4fdbe3d4f4c39,中国,自杀式的毁灭才是最彻底的。极致的自由需要极致的英雄主义与悲剧的牺牲。你是不是很孤独啊，艾伦。,自杀式 的 毁灭 才 是 最 彻底 的 。 极致 的 自由 需要 极致 的 英雄主义 与 悲剧 的 牺牲 。 你 是不是 很 孤独 啊 ， 艾伦 。
9c41fd0f5b0b4719,中国,豪看豪看！！！很好看，类容很吸引人，越看越喜欢！,豪看 豪看 ！ ！ ！ 很 好看 ， 类容 很 吸引 人 ， 越 看 越 喜欢 ！
0e6c7d75e6b14fd2,中国,看到结局真的哭了 个人不觉得是烂尾 艾伦把所有该交代的事情都交代了 尽量保全了他重要的人 这怎么不算是“我毁灭了世界又创造了世界”呢,看到 结局 真的 哭 了   个人 不 觉得 是 烂尾   艾伦 把 所有 该 交代 的 事情 都 交代 了   尽量 保全 了 他 重要 的 人   这 怎么 不算 是 “ 我 毁灭 了 世界 又 创造 了 世界 ” 呢
1e7c7638d3a04884,中国,不敢相信……在第一集就埋下了伏笔,不敢相信 … … 在 第一集 就 埋 下 了 伏笔
5d0e1601f4ef4b4d,中国,印象最深的画面甚多，“至少得让他们走出这片森林”这句话一说出，在我这里已然封神 团长、韩吉、兵长……巨人里面几乎每个角色都让我有印象深刻的点，非常成功的群像塑造，每个人形象都是立体的，英雄式的人物英雄式地、有选择地牺牲掉，幸存者更加坚定…… 一开始觉得完全是马莱仇恨教育的体现，直至贾碧和萨莎的身影重合的那一幕，忽然释然了…… 一开始有点受不了三笠的恋爱脑，谏山创明明可以塑造立体的角色，却让三笠恋爱脑围着艾伦转。但最终三笠终于做出正确抉择，始祖尤弥尔释怀消散，巨人消失，让我对她释然了，或许这才是三笠这个角色存在的意义,印象 最深 的 画面 甚 多 ， “ 至少 得 让 他们 走出 这片 森林 ” 这句 话 一 说出 ， 在 我 这里 已然 封神   团长 、 韩吉 、 兵长 … … 巨人 里面 几乎 每个 角色 都 让 我 有 印象 深刻 的 点 ， 非常 成功 的 群像 塑造 ， 每个 人 形象 都 是 立体 的 ， 英雄式 的 人物 英雄式 地 、 有 选择地 牺牲 掉 ， 幸存者 更加 坚定 … …   一 开始 觉得 完全 是 马莱 仇恨 教育 的 体现 ， 直至 贾碧和萨莎 的 身影 重合 的 那 一幕 ， 忽然 释然 了 … …   一 开始 有点 受不了 三笠 的 恋爱 脑 ， 谏 山创 明明 可以 塑造 立体 的 角色 ， 却 让 三笠 恋爱 脑 围着 艾伦 转 。 但 最终 三笠 终于 做出 正确 抉择 ， 始祖 尤弥尔 释怀 消散 ， 巨人 消失 ， 让 我 对 她 释然 了 ， 或许 这才 是 三笠 这个 角色 存在 的 意义
1f20cb5b8ea54e16,中国,其实巨人的结局我已经释然了，也理解谏山创要表达的意思了，一个现实世界都解决不了的人类社会问题，凭什么要求一个漫画家能画出来一个完美结局呢，人类的仇恨绵延数代，跨越国家民族性别社会文化，这不是艾尔迪亚人的问题，也不是马莱人的问题，这tm是人这个种族与生俱来的劣根性问题，当然，没有仇恨战争欲望，人类社会进步的速度恐怕也远不如今日，进击的巨人留下的最后难题恐怕需要整个人类文明才能给出答案。,其实 巨人 的 结局 我 已经 释然 了 ， 也 理解 谏山 创要 表达 的 意思 了 ， 一个 现实 世界 都 解决不了 的 人类 社会 问题 ， 凭 什么 要求 一个 漫画家 能画 出来 一个 完美 结局 呢 ， 人类 的 仇恨 绵延 数代 ， 跨越 国家 民族 性别 社会 文化 ， 这 不是 艾尔迪亚人 的 问题 ， 也 不是 马莱人 的 问题 ， 这 tm 是 人 这个 种族 与生俱来 的 劣根性 问题 ， 当然 ， 没有 仇恨 战争 欲望 ， 人类 社会 进步 的 速度 恐怕 也 远不如 今日 ， 进击 的 巨人 留下 的 最后 难题 恐怕 需要 整个 人类文明 才能 给出 答案 。
b3e6ecd56e834e4e,中国,啰里八嗦，角色废话也很多，打架就打架，每次打都各种内心世界加废话，终于快进看完了，太难看了简直,啰 里 八嗦 ， 角色 废话 也 很多 ， 打架 就 打架 ， 每次 打 都 各种 内心世界 加 废话 ， 终于 快进 看 完 了 ， 太 难看 了 简直
169b46417e6743d4,中国,mappa你让我哭,mappa 你 让 我 哭
88ef03271bf44905,中国,神作,神作
4402a1dadd6a4b04,中国,彩蛋呜呜呜，三笠和阿尔敏在为影片好不好看而争吵的时候，艾伦说能一起看电影就很开心了。呜呜呜呜泪目,彩蛋 呜呜 呜 ， 三笠 和 阿尔敏 在 为 影片 好不好 看 而 争吵 的 时候 ， 艾伦 说 能 一起 看 电影 就 很 开心 了 。 呜呜 呜呜 泪目
5fd2b82701c647b6,中国,这样就行了吗艾伦 五星就可以了吗,这样 就行了 吗 艾伦   五星 就 可以 了 吗
83a1ac01081c4dd0,中国,当年我以为我把巨人看完了，最近发现并没有……最近重拾剧场版充实死去的记忆，最后一部好像没衔接上，请问艾伦是怎么变成始祖的鬼样子的？,当年 我 以为 我 把 巨人 看 完 了 ， 最近 发现 并 没有 … … 最近 重拾 剧场版 充实 死去 的 记忆 ， 最后 一部 好像 没 衔接 上 ， 请问 艾伦 是 怎么 变成 始祖 的 鬼 样子 的 ？
b709307e18a147be,中国,所有人都惨惨的,所有人 都 惨惨 的
e3ef477466e1425e,中国,理智上知道这是作者一开始想好的结局，第一话《至两千年前的你》就已经注定了，但感性上实在无法接受艾伦的结局所以少一星,理智 上 知道 这是 作者 一 开始 想 好 的 结局 ， 第一 话 《 至 两千年 前 的 你 》 就 已经 注定 了 ， 但 感性 上 实在 无法 接受 艾伦 的 结局 所以 少一星
b56dfd7be2a048e5,中国,我还是无法接受利威尔最后伤成那样，谏山创本来也没打算让他活吧，看到他瞎了一只眼坐在轮椅上发糖我真是忍不住骂人了 看的过程中基本一直都是更喜欢干部组，104期这些人只在乎同期生,我 还是 无法 接受 利 威尔 最后 伤成 那样 ， 谏 山创 本来 也 没 打算 让 他 活 吧 ， 看到 他 瞎 了 一只 眼 坐在 轮椅 上 发糖 我 真是 忍不住 骂人 了   看 的 过程 中 基本 一直 都 是 更 喜欢 干部 组 ， 104 期 这些 人 只在乎 同期 生
ef0039ca30e64eba,中国,看完之后忘记标注了,看 完 之后 忘记 标注 了
f94f565edbf54c12,中国,在结局之后重剪了一个剧场版，巨人值得！片尾近三分钟的新彩蛋里，电影院散场，有个似真似幻的尸体也在观影？打扫卫生的是团长吗？对电影结局，米萨卡和阿尔敏一个满意一个不满，艾连则是很开心能一起看电影。三人说不知道电影里三个小伙伴是不是真的存在过……,在 结局 之后 重剪 了 一个 剧场版 ， 巨人 值得 ！ 片尾 近 三分钟 的 新 彩蛋 里 ， 电影院 散场 ， 有个 似 真似 幻 的 尸体 也 在 观影 ？ 打扫卫生 的 是 团长 吗 ？ 对 电影 结局 ， 米萨卡 和 阿尔敏 一个 满意 一个 不满 ， 艾连则 是 很 开心 能 一起 看 电影 。 三人 说 不 知道 电影 里 三个 小伙伴 是不是 真的 存在 过 … …
ac445c6507134b83,中国,感觉又看了一遍最终季。。,感觉 又 看 了 一遍 最终 季 。 。
4be06b7ad0d844d9,中国,我一直在哭 我不喜欢这样的结局 所以扣一星,我 一直 在 哭   我 不 喜欢 这样 的 结局   所以 扣一星
3c4a9bc12d73499d,中国,烂尾,烂尾
dc80741cdeca4aa0,中国,历史就像那棵树的根，一直延伸、纠缠。每一代人都以为自己能打破循环，但最后又被同样的恐惧、偏见、权力所吞噬,历史 就 像 那 棵 树 的 根 ， 一直 延伸 、 纠缠 。 每 一代人 都 以为 自己 能 打破 循环 ， 但 最后 又 被 同样 的 恐惧 、 偏见 、 权力 所 吞噬
6da894ed429d482a,中国,原来23年底已经出了结局，25年国庆才想起来要追番。还是满分支持！结局的逻辑强行圆场，有点不知所以，快进着看。两个彩蛋还是蛮有心思的。,原来 23 年底 已经 出 了 结局 ， 25 年 国庆 才 想 起来 要 追番 。 还是 满分 支持 ！ 结局 的 逻辑 强行 圆场 ， 有点 不知 所以 ， 快进 着 看 。 两个 彩蛋 还是 蛮 有 心思 的 。
1966baa0c0da404f,中国,又看了一遍等于又死了一遍,又 看 了 一遍 等于 又 死 了 一遍
25609503158f4dd8,中国,世界纷争不止，唯有爱你永恒,世界 纷争 不止 ， 唯有 爱 你 永恒
9a70ad0fdc8d4e8e,中国,人类无可救药，人类永垂不朽！,人类 无可救药 ， 人类 永垂不朽 ！
9b419358aa8b44b6,中国,这季很多让我感动的地方，篝火夜谈、韩吉牺牲、柯尼的成长、马来小分队的神勇战姿等等，但是最后回归艾伦三笠线实在太中二了，斯德哥尔摩爱上绝世中二病，选择用全世界来陪葬，最后所有人当然还是选择原谅，对比对zeke的态度还是太双标了,这 季 很多 让 我 感动 的 地方 ， 篝火 夜谈 、 韩吉 牺牲 、 柯尼 的 成长 、 马来 小分队 的 神勇 战姿 等等 ， 但是 最后 回归 艾伦 三笠线 实在 太中 二 了 ， 斯德哥尔摩 爱上 绝世 中二病 ， 选择 用 全世界 来 陪葬 ， 最后 所有人 当然 还是 选择 原谅 ， 对比 对 zeke 的 态度 还是 太双标 了
0883f1d1ce674ca7,中国,补分,补分
c0051dddac624959,中国,终于！完结辽 不舍！自由啊！,终于 ！ 完结 辽   不舍 ！ 自由 啊 ！
9c675849544f4f4a,中国,三笠对艾伦的爱，此生之最,三笠 对 艾伦 的 爱 ， 此生 之 最
fcf45eb6a5fe461b,中国,前两个完结篇的结合成的电影版，只是结尾部分多了3分钟彩蛋。 进击的巨人全部作品（包括漫画、TV、电影）到此全部看完。,前 两个 完结篇 的 结合 成 的 电影版 ， 只是 结尾 部分 多 了 3 分钟 彩蛋 。   进击 的 巨人 全部 作品 （ 包括 漫画 、 TV 、 电影 ） 到 此 全部 看 完 。
63c5896e9f554e9d,中国,1155.给我幼小的心灵带来了不小的震撼，现在亦是如此,1155 . 给 我 幼小 的 心灵 带来 了 不小 的 震撼 ， 现在 亦 是 如此
fe7fad3a2c0d4474,中国,史诗巨作,史诗 巨作
675fd53c1b1048bf,中国,无力的抵抗，甚至是违背自己本心的行为，但最后都是一样的结果。感谢这个伟大的作品和时代吧，不迎合我们的结局但是真实又残酷,无力 的 抵抗 ， 甚至 是 违背 自己 本心 的 行为 ， 但 最后 都 是 一样 的 结果 。 感谢 这个 伟大 的 作品 和 时代 吧 ， 不 迎合 我们 的 结局 但是 真实 又 残酷
0a590ca4dc544668,中国,史上最佳！,史上 最佳 ！
65f2dd49382c48dc,中国,当年看漫画时，对地鸣之后的剧情一言难尽。此时再看，充满绝望的前行，或许这是最合理的安排了,当年 看 漫画 时 ， 对 地鸣 之后 的 剧情 一言难尽 。 此时 再 看 ， 充满 绝望 的 前行 ， 或许 这 是 最 合理 的 安排 了
6069e0192cca4d0d,中国,越看越窒息,越 看 越 窒息
b23eba0468b54e1e,中国,补标,补标
f09ebc2aab094700,中国,确实是看爽了，但和第一季那种不停地想要追着看下去地冲动略有差别。不过，我仍然很满意该结局了。,确实 是 看爽 了 ， 但 和 第一季 那种 不停 地 想要 追着 看 下去 地 冲动 略有 差别 。 不过 ， 我 仍然 很 满意 该 结局 了 。
f7424c94c5cd4943,中国,当之无愧的神作,当之无愧 的 神作
055c9e087ace469a,中国,如果你硬要生的话，那么：接受世界的不完美，但尽力让它变得更好；即使最终失败，也不要主动放弃所有希望；然后无愧无悔的死去。,如果 你 硬 要生 的话 ， 那么 ： 接受 世界 的 不 完美 ， 但 尽力 让 它 变得 更好 ； 即使 最终 失败 ， 也 不要 主动 放弃 所有 希望 ； 然后 无愧 无悔 的 死去 。
f6855d374a7f41ec,中国,从头到尾都无可挑剔的一部作品，难以想象谏山创如果是从开头就想好了结尾，到底是怎么在那么多年的连载时间里控制好整个叙事的节奏，从完全架空现实的幻想作品到后面参杂进了越来越多的观念上的元素，感觉谏山创平时是不是也没有少键政啊，马莱篇的视角转换和帕岛对应，后面发现大家其实都只是为了保护重要的人塔塔开的，巨人的设定也很巧妙好玩，结尾更是完美地把矛盾解决了，啊啊啊啊总之非常精妙的一部作品，相信多年以后后人再来欣赏也同样会被震撼捏,从头到尾 都 无可挑剔 的 一部 作品 ， 难以想象 谏 山创 如果 是从 开头 就 想 好 了 结尾 ， 到底 是 怎么 在 那么 多年 的 连载 时间 里 控制 好 整个 叙事 的 节奏 ， 从 完全 架空 现实 的 幻想 作品 到 后面 参杂 进 了 越来越 多 的 观念 上 的 元素 ， 感觉 谏 山创 平时 是不是 也 没有 少键政 啊 ， 马莱篇 的 视角 转换 和 帕岛 对应 ， 后面 发现 大家 其实 都 只是 为了 保护 重要 的 人塔塔开 的 ， 巨人 的 设定 也 很 巧妙 好玩 ， 结尾 更是 完美 地 把 矛盾 解决 了 ， 啊啊啊 啊 总之 非常 精妙 的 一部 作品 ， 相信 多年 以后 后人 再 来 欣赏 也 同样 会 被 震撼 捏
c3017072238b4382,中国,好神??,好神 ??
